<?xml version="1.0" encoding="UTF-8"?>

<ActivityDefinition xmlns="http://hl7.org/fhir">
  <id value="ExampleBodyPositioningAction"/>
  <meta>
    <profile value="https://www.netzwerk-universitaetsmedizin.de/fhir/cpg-on-ebm-on-fhir/StructureDefinition/body-positioning-action"/>
  </meta>
  <text>
    <status value="extensions"/><div xmlns="http://www.w3.org/1999/xhtml"><p class="res-header-id"><b>Generated Narrative: ActivityDefinition ExampleBodyPositioningAction</b></p><a name="ExampleBodyPositioningAction"> </a><a name="hcExampleBodyPositioningAction"> </a><a name="ExampleBodyPositioningAction-en-US"> </a><div style="display: inline-block; background-color: #d9e0e7; padding: 6px; margin: 4px; border: 1px solid #8da1b4; border-radius: 5px; line-height: 60%"><p style="margin-bottom: 0px"/><p style="margin-bottom: 0px">Profile: <a href="StructureDefinition-body-positioning-action.html">Body Positioning Action</a></p></div><p><b>knowledgeCapability</b>: computable</p><p><b>knowledgeRepresentationLevel</b>: structured</p><p><b>url</b>: <a href="ActivityDefinition-ExampleBodyPositioningAction.html">ActivityDefinition DrugAdministrationAction</a></p><p><b>version</b>: 1.0</p><p><b>name</b>: DrugAdministrationAction</p><p><b>status</b>: Active</p><p><b>experimental</b>: true</p><p><b>subject</b>: <span title="Codes:{http://hl7.org/fhir/fhir-types Patient}">Patient</span></p><p><b>date</b>: 2025-03-04 10:04:34+0000</p><p><b>publisher</b>: CPGonEBMonFHIR</p><p><b>description</b>: </p><div><p>Example of a body positioning action.</p>
</div><p><b>kind</b>: ServiceRequest</p><p><b>code</b>: <span title="Codes:{http://snomed.info/sct 431182000}">Placing subject in prone position (procedure)</span></p><p><b>timing</b>: Once per 1 day</p></div>
  </text>
  <extension url="http://hl7.org/fhir/uv/cpg/StructureDefinition/cpg-knowledgeCapability">
    <valueCode value="computable"/>
  </extension>
  <extension url="http://hl7.org/fhir/uv/cpg/StructureDefinition/cpg-knowledgeRepresentationLevel">
    <valueCode value="structured"/>
  </extension>
  <url value="https://www.netzwerk-universitaetsmedizin.de/fhir/cpg-on-ebm-on-fhir/example/recommendation-action/body-positioning-example"/>
  <version value="1.0"/>
  <name value="DrugAdministrationAction"/>
  <status value="active"/>
  <experimental value="true"/>
  <subjectCodeableConcept>
    <coding>
      <system value="http://hl7.org/fhir/fhir-types"/>
      <code value="Patient"/>
    </coding>
  </subjectCodeableConcept>
  <date value="2025-03-04T10:04:34+00:00"/>
  <publisher value="CPGonEBMonFHIR"/>
  <description value="Example of a body positioning action."/>
  <kind value="ServiceRequest"/>
  <code>
    <coding>
      <system value="http://snomed.info/sct"/>
      <code value="431182000"/>
      <display value="Placing subject in prone position (procedure)"/>
    </coding>
  </code>
  <timingTiming>
    <repeat>
      <frequency value="1"/>
      <period value="1"/>
      <periodUnit value="d"/>
    </repeat>
  </timingTiming>
</ActivityDefinition>