<?xml version="1.0" encoding="UTF-8"?>

<ActivityDefinition xmlns="http://hl7.org/fhir">
  <id value="DexamethasoneApplicationActionIntravenous"/>
  <meta>
    <profile value="https://www.netzwerk-universitaetsmedizin.de/fhir/cpg-on-ebm-on-fhir/StructureDefinition/drug-administration-action"/>
  </meta>
  <text>
    <status value="extensions"/><div xmlns="http://www.w3.org/1999/xhtml"><p class="res-header-id"><b>Generated Narrative: ActivityDefinition DexamethasoneApplicationActionIntravenous</b></p><a name="DexamethasoneApplicationActionIntravenous"> </a><a name="hcDexamethasoneApplicationActionIntravenous"> </a><a name="DexamethasoneApplicationActionIntravenous-en-US"> </a><div style="display: inline-block; background-color: #d9e0e7; padding: 6px; margin: 4px; border: 1px solid #8da1b4; border-radius: 5px; line-height: 60%"><p style="margin-bottom: 0px"/><p style="margin-bottom: 0px">Profile: <a href="StructureDefinition-drug-administration-action.html">Drug Administration Action</a></p></div><p><b>knowledgeCapability</b>: computable</p><p><b>knowledgeRepresentationLevel</b>: structured</p><p><b>url</b>: <a href="ActivityDefinition-DexamethasoneApplicationActionIntravenous.html">ActivityDefinition DexamethasoneApplicationActionIntravenous</a></p><p><b>version</b>: 1.0</p><p><b>name</b>: DexamethasoneApplicationActionIntravenous</p><p><b>status</b>: Active</p><p><b>experimental</b>: true</p><p><b>subject</b>: <span title="Codes:{http://hl7.org/fhir/fhir-types Patient}">Patient</span></p><p><b>date</b>: 2025-03-04 10:04:34+0000</p><p><b>publisher</b>: CPGonEBMonFHIR</p><p><b>description</b>: </p><div><p>Application of Dexamethasone: 6 mg once per day for 10 days (intravenous route)</p>
</div><p><b>kind</b>: MedicationRequest</p><p><b>code</b>: <span title="Codes:{http://snomed.info/sct 18629005}">Administration of drug or medicament (procedure)</span></p><p><b>product</b>: <span title="Codes:{http://snomed.info/sct 372584003}, {http://fhir.de/CodeSystem/bfarm/atc C05AA09}">Dexamethasone (substance)</span></p><blockquote><p><b>dosage</b></p><p><b>timing</b>: Count 10  times, Duration 10days , Once per 1 day</p><p><b>route</b>: <span title="Codes:{http://snomed.info/sct 47625008}">Intravenous route</span></p><h3>DoseAndRates</h3><table class="grid"><tr><td style="display: none">-</td><td><b>Dose[x]</b></td><td><b>Rate[x]</b></td></tr><tr><td style="display: none">*</td><td>6 mg<span style="background: LightGoldenRodYellow"> (Details: UCUM  codemg = 'mg')</span></td><td>1 /d<span style="background: LightGoldenRodYellow"> (Details: UCUM  code/d = '/d')</span></td></tr></table></blockquote></div>
  </text>
  <extension url="http://hl7.org/fhir/uv/cpg/StructureDefinition/cpg-knowledgeCapability">
    <valueCode value="computable"/>
  </extension>
  <extension url="http://hl7.org/fhir/uv/cpg/StructureDefinition/cpg-knowledgeRepresentationLevel">
    <valueCode value="structured"/>
  </extension>
  <url value="https://www.netzwerk-universitaetsmedizin.de/fhir/cpg-on-ebm-on-fhir/example/recommendation-action/dexamethasone-application-intravenous"/>
  <version value="1.0"/>
  <name value="DexamethasoneApplicationActionIntravenous"/>
  <status value="active"/>
  <experimental value="true"/>
  <subjectCodeableConcept>
    <coding>
      <system value="http://hl7.org/fhir/fhir-types"/>
      <code value="Patient"/>
    </coding>
  </subjectCodeableConcept>
  <date value="2025-03-04T10:04:34+00:00"/>
  <publisher value="CPGonEBMonFHIR"/>
  <description value="Application of Dexamethasone: 6 mg once per day for 10 days (intravenous route)"/>
  <kind value="MedicationRequest"/>
  <code>
    <coding>
      <system value="http://snomed.info/sct"/>
      <code value="18629005"/>
      <display value="Administration of drug or medicament (procedure)"/>
    </coding>
  </code>
  <productCodeableConcept>
    <coding>
      <system value="http://snomed.info/sct"/>
      <code value="372584003"/>
      <display value="Dexamethasone (substance)"/>
    </coding>
    <coding>
      <system value="http://fhir.de/CodeSystem/bfarm/atc"/>
      <code value="C05AA09"/>
      <display value="Dexamethason"/>
    </coding>
  </productCodeableConcept>
  <dosage>
    <timing>
      <repeat>
        <count value="10"/>
        <duration value="10"/>
        <durationUnit value="d"/>
        <frequency value="1"/>
        <period value="1"/>
        <periodUnit value="d"/>
      </repeat>
    </timing>
    <route>
      <coding>
        <system value="http://snomed.info/sct"/>
        <code value="47625008"/>
        <display value="Intravenous route"/>
      </coding>
    </route>
    <doseAndRate>
      <doseQuantity>
        <value value="6"/>
        <unit value="mg"/>
        <system value="http://unitsofmeasure.org"/>
        <code value="mg"/>
      </doseQuantity>
      <rateQuantity>
        <value value="1"/>
        <unit value="/d"/>
        <system value="http://unitsofmeasure.org"/>
        <code value="/d"/>
      </rateQuantity>
    </doseAndRate>
  </dosage>
</ActivityDefinition>