<?xml version="1.0" encoding="UTF-8"?>

<CodeSystem xmlns="http://hl7.org/fhir">
  <id value="cs-evidence-to-decision-certainty-rating"/>
  <meta>
    <profile value="http://hl7.org/fhir/uv/cpg/StructureDefinition/cpg-shareablecodesystem"/>
  </meta>
  <text>
    <status value="generated"/><div xmlns="http://www.w3.org/1999/xhtml"><p class="res-header-id"><b>Generated Narrative: CodeSystem cs-evidence-to-decision-certainty-rating</b></p><a name="cs-evidence-to-decision-certainty-rating"> </a><a name="hccs-evidence-to-decision-certainty-rating"> </a><a name="cs-evidence-to-decision-certainty-rating-en-US"> </a><div style="display: inline-block; background-color: #d9e0e7; padding: 6px; margin: 4px; border: 1px solid #8da1b4; border-radius: 5px; line-height: 60%"><p style="margin-bottom: 0px"/><p style="margin-bottom: 0px">Profile: <a href="http://hl7.org/fhir/uv/cpg/STU1/StructureDefinition-cpg-shareablecodesystem.html">CPGShareableCodeSystem</a></p></div><p>This  code system <code>https://www.netzwerk-universitaetsmedizin.de/fhir/cpg-on-ebm-on-fhir/CodeSystem/cs-evidence-to-decision-certainty-rating</code> defines the following codes:</p><table class="codes"><tr><td style="white-space:nowrap"><b>Code</b></td><td><b>Display</b></td><td><b>Definition</b></td></tr><tr><td style="white-space:nowrap">small-net-benefit<a name="cs-evidence-to-decision-certainty-rating-small-net-benefit"> </a></td><td>Small net benefit</td><td>Small net benefit, or little difference between alternatives</td></tr><tr><td style="white-space:nowrap">substantial-net-benefit<a name="cs-evidence-to-decision-certainty-rating-substantial-net-benefit"> </a></td><td>Substantial net benefit</td><td>Substantial net benefits of the recommended alternative</td></tr><tr><td style="white-space:nowrap">important-harms<a name="cs-evidence-to-decision-certainty-rating-important-harms"> </a></td><td>Important harms</td><td>Important harms</td></tr><tr><td style="white-space:nowrap">substantial-variability<a name="cs-evidence-to-decision-certainty-rating-substantial-variability"> </a></td><td>Substantial variability</td><td>Substantial variability is expected or uncertain</td></tr><tr><td style="white-space:nowrap">no-substantial-variability<a name="cs-evidence-to-decision-certainty-rating-no-substantial-variability"> </a></td><td>No substantial variability</td><td>No substantial variability expected</td></tr><tr><td style="white-space:nowrap">few-want-intervention<a name="cs-evidence-to-decision-certainty-rating-few-want-intervention"> </a></td><td>Few want intervention</td><td>We expect few to want the intervention</td></tr><tr><td style="white-space:nowrap">factor-not-considered<a name="cs-evidence-to-decision-certainty-rating-factor-not-considered"> </a></td><td>Factor not considered</td><td>Factor not considered</td></tr><tr><td style="white-space:nowrap">important-issues-or-not-investigated<a name="cs-evidence-to-decision-certainty-rating-important-issues-or-not-investigated"> </a></td><td>Important issues</td><td>Important issues, or potential issues not investigated</td></tr><tr><td style="white-space:nowrap">no-important-issues<a name="cs-evidence-to-decision-certainty-rating-no-important-issues"> </a></td><td>No important issues</td><td>No important issues with the recommended alternative</td></tr><tr><td style="white-space:nowrap">important-negative-issues<a name="cs-evidence-to-decision-certainty-rating-important-negative-issues"> </a></td><td>Important negative issues</td><td>Important negative issues</td></tr><tr><td style="white-space:nowrap">intervention-increases-inequity<a name="cs-evidence-to-decision-certainty-rating-intervention-increases-inequity"> </a></td><td>Intervention increases inequity</td><td>Intervention likely increases inequity</td></tr><tr><td style="white-space:nowrap">intervention-poorly-accepted<a name="cs-evidence-to-decision-certainty-rating-intervention-poorly-accepted"> </a></td><td>Intervention poorly accepted</td><td>Intervention is likely poorly accepted</td></tr><tr><td style="white-space:nowrap">intervention-difficult-to-implement<a name="cs-evidence-to-decision-certainty-rating-intervention-difficult-to-implement"> </a></td><td>Intervention difficult to implement</td><td>Intervention is likely difficult to implement</td></tr></table></div>
  </text>
  <extension url="http://hl7.org/fhir/uv/cpg/StructureDefinition/cpg-knowledgeCapability">
    <valueCode value="shareable"/>
  </extension>
  <extension url="http://hl7.org/fhir/uv/cpg/StructureDefinition/cpg-knowledgeCapability">
    <valueCode value="computable"/>
  </extension>
  <extension url="http://hl7.org/fhir/uv/cpg/StructureDefinition/cpg-knowledgeCapability">
    <valueCode value="publishable"/>
  </extension>
  <extension url="http://hl7.org/fhir/uv/cpg/StructureDefinition/cpg-knowledgeRepresentationLevel">
    <valueCode value="structured"/>
  </extension>
  <url value="https://www.netzwerk-universitaetsmedizin.de/fhir/cpg-on-ebm-on-fhir/CodeSystem/cs-evidence-to-decision-certainty-rating"/>
  <version value="0.1.1"/>
  <name value="EvidenceToDecisionCertaintyRating"/>
  <title value="Evidence To Decision Certainty Rating"/>
  <status value="draft"/>
  <date value="2022-09-06"/>
  <publisher value="Netzwerk Universitätsmedizin (NUM)"/>
  <contact>
    <telecom>
      <system value="url"/>
      <value value="https://www.netzwerk-universitaetsmedizin.de"/>
    </telecom>
  </contact>
  <description value="GRADE Evidence to Decision (EtD) Framework Certainty Ratings"/>
  <content value="complete"/>
  <count value="13"/>
  <concept>
    <code value="small-net-benefit"/>
    <display value="Small net benefit"/>
    <definition value="Small net benefit, or little difference between alternatives"/>
  </concept>
  <concept>
    <code value="substantial-net-benefit"/>
    <display value="Substantial net benefit"/>
    <definition value="Substantial net benefits of the recommended alternative"/>
  </concept>
  <concept>
    <code value="important-harms"/>
    <display value="Important harms"/>
    <definition value="Important harms"/>
  </concept>
  <concept>
    <code value="substantial-variability"/>
    <display value="Substantial variability"/>
    <definition value="Substantial variability is expected or uncertain"/>
  </concept>
  <concept>
    <code value="no-substantial-variability"/>
    <display value="No substantial variability"/>
    <definition value="No substantial variability expected"/>
  </concept>
  <concept>
    <code value="few-want-intervention"/>
    <display value="Few want intervention"/>
    <definition value="We expect few to want the intervention"/>
  </concept>
  <concept>
    <code value="factor-not-considered"/>
    <display value="Factor not considered"/>
    <definition value="Factor not considered"/>
  </concept>
  <concept>
    <code value="important-issues-or-not-investigated"/>
    <display value="Important issues"/>
    <definition value="Important issues, or potential issues not investigated"/>
  </concept>
  <concept>
    <code value="no-important-issues"/>
    <display value="No important issues"/>
    <definition value="No important issues with the recommended alternative"/>
  </concept>
  <concept>
    <code value="important-negative-issues"/>
    <display value="Important negative issues"/>
    <definition value="Important negative issues"/>
  </concept>
  <concept>
    <code value="intervention-increases-inequity"/>
    <display value="Intervention increases inequity"/>
    <definition value="Intervention likely increases inequity"/>
  </concept>
  <concept>
    <code value="intervention-poorly-accepted"/>
    <display value="Intervention poorly accepted"/>
    <definition value="Intervention is likely poorly accepted"/>
  </concept>
  <concept>
    <code value="intervention-difficult-to-implement"/>
    <display value="Intervention difficult to implement"/>
    <definition value="Intervention is likely difficult to implement"/>
  </concept>
</CodeSystem>