<?xml version="1.0" encoding="UTF-8"?>

<CodeSystem xmlns="http://hl7.org/fhir">
  <id value="cochrane-pico-ontology"/>
  <text>
    <status value="generated"/><div xmlns="http://www.w3.org/1999/xhtml"><p class="res-header-id"><b>Generated Narrative: CodeSystem cochrane-pico-ontology</b></p><a name="cochrane-pico-ontology"> </a><a name="hccochrane-pico-ontology"> </a><a name="cochrane-pico-ontology-en-US"> </a><p><b>Properties</b></p><p><b>This code system defines the following properties for its concepts</b></p><table class="grid"><tr><td><b>Name</b></td><td><b>Code</b></td><td><b>Type</b></td><td><b>Description</b></td></tr><tr><td>parent</td><td>parent</td><td>code</td><td>Parent codes.</td></tr><tr><td>imported</td><td>imported</td><td>boolean</td><td>Indicates if the concept is imported from another code system.</td></tr><tr><td>root</td><td>root</td><td>boolean</td><td>Indicates if this concept is a root concept (i.e. Thing is equivalent or a direct parent)</td></tr><tr><td>deprecated</td><td>deprecated</td><td>boolean</td><td>Indicates if this concept is deprecated.</td></tr></table><p><b>Filters</b></p><table class="grid"><tr><td><b>Code</b></td><td><b>Description</b></td><td><b>Op</b></td><td><b>Value</b></td></tr><tr><td>root</td><td/><td>= </td><td>True or false.</td></tr><tr><td>deprecated</td><td/><td>= </td><td>True or false.</td></tr><tr><td>imported</td><td/><td>= </td><td>True or false</td></tr></table><p><b>Concepts</b></p><p>This  code system <code>http://data.cochrane.org/ontologies/pico/</code> defines the following codes in a Is-A hierarchy:</p><table class="codes"><tr><td style="white-space:nowrap"><b>Code</b></td><td><b>Display</b></td><td><b>parent</b></td><td><b>imported</b></td><td><b>root</b></td><td><b>deprecated</b></td></tr><tr><td style="white-space:nowrap">Age<a name="cochrane-pico-ontology-Age"> </a></td><td>Age</td><td><a href="#cochrane-pico-ontology-Thing">Thing</a></td><td>false</td><td>false</td><td>false</td></tr><tr><td style="white-space:nowrap">InterventionProvider<a name="cochrane-pico-ontology-InterventionProvider"> </a></td><td>InterventionProvider</td><td><a href="#cochrane-pico-ontology-Thing">Thing</a></td><td>false</td><td>false</td><td>false</td></tr><tr><td style="white-space:nowrap">Dose<a name="cochrane-pico-ontology-Dose"> </a></td><td>Dose</td><td><a href="#cochrane-pico-ontology-Thing">Thing</a></td><td>false</td><td>false</td><td>false</td></tr><tr><td style="white-space:nowrap">AssessmentScale<a name="cochrane-pico-ontology-AssessmentScale"> </a></td><td>AssessmentScale</td><td><a href="#cochrane-pico-ontology-Thing">Thing</a></td><td>false</td><td>false</td><td>false</td></tr><tr><td style="white-space:nowrap">Treatment<a name="cochrane-pico-ontology-Treatment"> </a></td><td>Treatment</td><td><a href="#cochrane-pico-ontology-Thing">Thing</a></td><td>false</td><td>false</td><td>false</td></tr><tr><td style="white-space:nowrap">InterventionRationale<a name="cochrane-pico-ontology-InterventionRationale"> </a></td><td>InterventionRationale</td><td><a href="#cochrane-pico-ontology-Thing">Thing</a></td><td>false</td><td>false</td><td>false</td></tr><tr><td style="white-space:nowrap">Setting<a name="cochrane-pico-ontology-Setting"> </a></td><td>Setting</td><td><a href="#cochrane-pico-ontology-Thing">Thing</a></td><td>false</td><td>false</td><td>false</td></tr><tr><td style="white-space:nowrap">Thing<a name="cochrane-pico-ontology-Thing"> </a></td><td>Thing</td><td/><td>false</td><td>true</td><td>false</td></tr><tr><td style="white-space:nowrap">Outcome<a name="cochrane-pico-ontology-Outcome"> </a></td><td>Outcome</td><td><a href="#cochrane-pico-ontology-Thing">Thing</a></td><td>false</td><td>false</td><td>false</td></tr><tr><td style="white-space:nowrap">Schedule<a name="cochrane-pico-ontology-Schedule"> </a></td><td>Schedule</td><td><a href="#cochrane-pico-ontology-Thing">Thing</a></td><td>false</td><td>false</td><td>false</td></tr><tr><td style="white-space:nowrap">OutcomeDomain<a name="cochrane-pico-ontology-OutcomeDomain"> </a></td><td>OutcomeDomain</td><td><a href="#cochrane-pico-ontology-Thing">Thing</a></td><td>false</td><td>false</td><td>false</td></tr><tr><td style="white-space:nowrap">InterventionClassification<a name="cochrane-pico-ontology-InterventionClassification"> </a></td><td>Intervention Classification</td><td><a href="#cochrane-pico-ontology-Thing">Thing</a></td><td>false</td><td>false</td><td>false</td></tr><tr><td style="white-space:nowrap">PICO<a name="cochrane-pico-ontology-PICO"> </a></td><td>PICO</td><td><a href="#cochrane-pico-ontology-Thing">Thing</a></td><td>false</td><td>false</td><td>false</td></tr><tr><td style="white-space:nowrap">Intervention<a name="cochrane-pico-ontology-Intervention"> </a></td><td>Intervention</td><td><a href="#cochrane-pico-ontology-Thing">Thing</a></td><td>false</td><td>false</td><td>false</td></tr><tr><td style="white-space:nowrap">OutcomeClassification<a name="cochrane-pico-ontology-OutcomeClassification"> </a></td><td>OutcomeClassification</td><td><a href="#cochrane-pico-ontology-Thing">Thing</a></td><td>false</td><td>false</td><td>false</td></tr><tr><td style="white-space:nowrap">Population<a name="cochrane-pico-ontology-Population"> </a></td><td>Population</td><td><a href="#cochrane-pico-ontology-Thing">Thing</a></td><td>false</td><td>false</td><td>false</td></tr><tr><td style="white-space:nowrap">OutcomeGroup<a name="cochrane-pico-ontology-OutcomeGroup"> </a></td><td>OutcomeGroup</td><td><a href="#cochrane-pico-ontology-Thing">Thing</a></td><td>false</td><td>false</td><td>false</td></tr><tr><td style="white-space:nowrap">AppliedIntervention<a name="cochrane-pico-ontology-AppliedIntervention"> </a></td><td>AppliedIntervention</td><td><a href="#cochrane-pico-ontology-Thing">Thing</a></td><td>false</td><td>false</td><td>false</td></tr><tr><td style="white-space:nowrap">AggregationMethod<a name="cochrane-pico-ontology-AggregationMethod"> </a></td><td>AggregationMethod</td><td><a href="#cochrane-pico-ontology-Thing">Thing</a></td><td>false</td><td>false</td><td>false</td></tr><tr><td style="white-space:nowrap">Sex<a name="cochrane-pico-ontology-Sex"> </a></td><td>Sex</td><td><a href="#cochrane-pico-ontology-Thing">Thing</a></td><td>false</td><td>false</td><td>false</td></tr><tr><td style="white-space:nowrap">SocialContext<a name="cochrane-pico-ontology-SocialContext"> </a></td><td>SocialContext</td><td><a href="#cochrane-pico-ontology-Thing">Thing</a></td><td>false</td><td>false</td><td>false</td></tr><tr><td style="white-space:nowrap">InterventionGroup<a name="cochrane-pico-ontology-InterventionGroup"> </a></td><td>InterventionGroup</td><td><a href="#cochrane-pico-ontology-Thing">Thing</a></td><td>false</td><td>false</td><td>false</td></tr><tr><td style="white-space:nowrap">Duration<a name="cochrane-pico-ontology-Duration"> </a></td><td>Duration</td><td><a href="#cochrane-pico-ontology-Thing">Thing</a></td><td>false</td><td>false</td><td>false</td></tr><tr><td style="white-space:nowrap">ModeOfDelivery<a name="cochrane-pico-ontology-ModeOfDelivery"> </a></td><td>ModeOfDelivery</td><td><a href="#cochrane-pico-ontology-Thing">Thing</a></td><td>false</td><td>false</td><td>false</td></tr><tr><td style="white-space:nowrap">Condition<a name="cochrane-pico-ontology-Condition"> </a></td><td>Condition</td><td><a href="#cochrane-pico-ontology-Thing">Thing</a></td><td>false</td><td>false</td><td>false</td></tr><tr><td style="white-space:nowrap">SpecificMetric<a name="cochrane-pico-ontology-SpecificMetric"> </a></td><td>SpecificMetric</td><td><a href="#cochrane-pico-ontology-Thing">Thing</a></td><td>false</td><td>false</td><td>false</td></tr></table></div>
  </text>
  <url value="http://data.cochrane.org/ontologies/pico/"/>
  <version value="4.0.1"/>
  <name value="CochranePICOOntology"/>
  <title value="Cochrane PICO Ontology"/>
  <status value="draft"/>
  <experimental value="false"/>
  <date value="2025-03-04T10:04:34+00:00"/>
  <publisher value="Cochrane"/>
  <description value="The PICO ontology describes questions in evidence based healthcare with the intention of supporting the publishing of evidence as linked data."/>
  <valueSet value="http://data.cochrane.org/ontologies/pico/?vs"/>
  <hierarchyMeaning value="is-a"/>
  <compositional value="false"/>
  <versionNeeded value="false"/>
  <content value="complete"/>
  <count value="26"/>
  <filter>
    <code value="root"/>
    <operator value="="/>
    <value value="True or false."/>
  </filter>
  <filter>
    <code value="deprecated"/>
    <operator value="="/>
    <value value="True or false."/>
  </filter>
  <filter>
    <code value="imported"/>
    <operator value="="/>
    <value value="True or false"/>
  </filter>
  <property>
    <code value="parent"/>
    <description value="Parent codes."/>
    <type value="code"/>
  </property>
  <property>
    <code value="imported"/>
    <description value="Indicates if the concept is imported from another code system."/>
    <type value="boolean"/>
  </property>
  <property>
    <code value="root"/>
    <description value="Indicates if this concept is a root concept (i.e. Thing is equivalent or a direct parent)"/>
    <type value="boolean"/>
  </property>
  <property>
    <code value="deprecated"/>
    <description value="Indicates if this concept is deprecated."/>
    <type value="boolean"/>
  </property>
  <concept>
    <code value="Age"/>
    <display value="Age"/>
    <property>
      <code value="imported"/>
      <valueBoolean value="false"/>
    </property>
    <property>
      <code value="parent"/>
      <valueCode value="Thing"/>
    </property>
    <property>
      <code value="root"/>
      <valueBoolean value="false"/>
    </property>
    <property>
      <code value="deprecated"/>
      <valueBoolean value="false"/>
    </property>
  </concept>
  <concept>
    <code value="InterventionProvider"/>
    <display value="InterventionProvider"/>
    <property>
      <code value="imported"/>
      <valueBoolean value="false"/>
    </property>
    <property>
      <code value="parent"/>
      <valueCode value="Thing"/>
    </property>
    <property>
      <code value="root"/>
      <valueBoolean value="false"/>
    </property>
    <property>
      <code value="deprecated"/>
      <valueBoolean value="false"/>
    </property>
  </concept>
  <concept>
    <code value="Dose"/>
    <display value="Dose"/>
    <property>
      <code value="imported"/>
      <valueBoolean value="false"/>
    </property>
    <property>
      <code value="parent"/>
      <valueCode value="Thing"/>
    </property>
    <property>
      <code value="root"/>
      <valueBoolean value="false"/>
    </property>
    <property>
      <code value="deprecated"/>
      <valueBoolean value="false"/>
    </property>
  </concept>
  <concept>
    <code value="AssessmentScale"/>
    <display value="AssessmentScale"/>
    <property>
      <code value="imported"/>
      <valueBoolean value="false"/>
    </property>
    <property>
      <code value="parent"/>
      <valueCode value="Thing"/>
    </property>
    <property>
      <code value="root"/>
      <valueBoolean value="false"/>
    </property>
    <property>
      <code value="deprecated"/>
      <valueBoolean value="false"/>
    </property>
  </concept>
  <concept>
    <code value="Treatment"/>
    <display value="Treatment"/>
    <property>
      <code value="imported"/>
      <valueBoolean value="false"/>
    </property>
    <property>
      <code value="parent"/>
      <valueCode value="Thing"/>
    </property>
    <property>
      <code value="root"/>
      <valueBoolean value="false"/>
    </property>
    <property>
      <code value="deprecated"/>
      <valueBoolean value="false"/>
    </property>
  </concept>
  <concept>
    <code value="InterventionRationale"/>
    <display value="InterventionRationale"/>
    <property>
      <code value="imported"/>
      <valueBoolean value="false"/>
    </property>
    <property>
      <code value="parent"/>
      <valueCode value="Thing"/>
    </property>
    <property>
      <code value="root"/>
      <valueBoolean value="false"/>
    </property>
    <property>
      <code value="deprecated"/>
      <valueBoolean value="false"/>
    </property>
  </concept>
  <concept>
    <code value="Setting"/>
    <display value="Setting"/>
    <property>
      <code value="imported"/>
      <valueBoolean value="false"/>
    </property>
    <property>
      <code value="parent"/>
      <valueCode value="Thing"/>
    </property>
    <property>
      <code value="root"/>
      <valueBoolean value="false"/>
    </property>
    <property>
      <code value="deprecated"/>
      <valueBoolean value="false"/>
    </property>
  </concept>
  <concept>
    <code value="Thing"/>
    <display value="Thing"/>
    <property>
      <code value="imported"/>
      <valueBoolean value="false"/>
    </property>
    <property>
      <code value="root"/>
      <valueBoolean value="true"/>
    </property>
    <property>
      <code value="deprecated"/>
      <valueBoolean value="false"/>
    </property>
  </concept>
  <concept>
    <code value="Outcome"/>
    <display value="Outcome"/>
    <property>
      <code value="imported"/>
      <valueBoolean value="false"/>
    </property>
    <property>
      <code value="parent"/>
      <valueCode value="Thing"/>
    </property>
    <property>
      <code value="root"/>
      <valueBoolean value="false"/>
    </property>
    <property>
      <code value="deprecated"/>
      <valueBoolean value="false"/>
    </property>
  </concept>
  <concept>
    <code value="Schedule"/>
    <display value="Schedule"/>
    <property>
      <code value="imported"/>
      <valueBoolean value="false"/>
    </property>
    <property>
      <code value="parent"/>
      <valueCode value="Thing"/>
    </property>
    <property>
      <code value="root"/>
      <valueBoolean value="false"/>
    </property>
    <property>
      <code value="deprecated"/>
      <valueBoolean value="false"/>
    </property>
  </concept>
  <concept>
    <code value="OutcomeDomain"/>
    <display value="OutcomeDomain"/>
    <property>
      <code value="imported"/>
      <valueBoolean value="false"/>
    </property>
    <property>
      <code value="parent"/>
      <valueCode value="Thing"/>
    </property>
    <property>
      <code value="root"/>
      <valueBoolean value="false"/>
    </property>
    <property>
      <code value="deprecated"/>
      <valueBoolean value="false"/>
    </property>
  </concept>
  <concept>
    <code value="InterventionClassification"/>
    <display value="Intervention Classification"/>
    <property>
      <code value="imported"/>
      <valueBoolean value="false"/>
    </property>
    <property>
      <code value="parent"/>
      <valueCode value="Thing"/>
    </property>
    <property>
      <code value="root"/>
      <valueBoolean value="false"/>
    </property>
    <property>
      <code value="deprecated"/>
      <valueBoolean value="false"/>
    </property>
  </concept>
  <concept>
    <code value="PICO"/>
    <display value="PICO"/>
    <property>
      <code value="imported"/>
      <valueBoolean value="false"/>
    </property>
    <property>
      <code value="parent"/>
      <valueCode value="Thing"/>
    </property>
    <property>
      <code value="root"/>
      <valueBoolean value="false"/>
    </property>
    <property>
      <code value="deprecated"/>
      <valueBoolean value="false"/>
    </property>
  </concept>
  <concept>
    <code value="Intervention"/>
    <display value="Intervention"/>
    <property>
      <code value="imported"/>
      <valueBoolean value="false"/>
    </property>
    <property>
      <code value="parent"/>
      <valueCode value="Thing"/>
    </property>
    <property>
      <code value="root"/>
      <valueBoolean value="false"/>
    </property>
    <property>
      <code value="deprecated"/>
      <valueBoolean value="false"/>
    </property>
  </concept>
  <concept>
    <code value="OutcomeClassification"/>
    <display value="OutcomeClassification"/>
    <property>
      <code value="imported"/>
      <valueBoolean value="false"/>
    </property>
    <property>
      <code value="parent"/>
      <valueCode value="Thing"/>
    </property>
    <property>
      <code value="root"/>
      <valueBoolean value="false"/>
    </property>
    <property>
      <code value="deprecated"/>
      <valueBoolean value="false"/>
    </property>
  </concept>
  <concept>
    <code value="Population"/>
    <display value="Population"/>
    <property>
      <code value="imported"/>
      <valueBoolean value="false"/>
    </property>
    <property>
      <code value="parent"/>
      <valueCode value="Thing"/>
    </property>
    <property>
      <code value="root"/>
      <valueBoolean value="false"/>
    </property>
    <property>
      <code value="deprecated"/>
      <valueBoolean value="false"/>
    </property>
  </concept>
  <concept>
    <code value="OutcomeGroup"/>
    <display value="OutcomeGroup"/>
    <property>
      <code value="imported"/>
      <valueBoolean value="false"/>
    </property>
    <property>
      <code value="parent"/>
      <valueCode value="Thing"/>
    </property>
    <property>
      <code value="root"/>
      <valueBoolean value="false"/>
    </property>
    <property>
      <code value="deprecated"/>
      <valueBoolean value="false"/>
    </property>
  </concept>
  <concept>
    <code value="AppliedIntervention"/>
    <display value="AppliedIntervention"/>
    <property>
      <code value="imported"/>
      <valueBoolean value="false"/>
    </property>
    <property>
      <code value="parent"/>
      <valueCode value="Thing"/>
    </property>
    <property>
      <code value="root"/>
      <valueBoolean value="false"/>
    </property>
    <property>
      <code value="deprecated"/>
      <valueBoolean value="false"/>
    </property>
  </concept>
  <concept>
    <code value="AggregationMethod"/>
    <display value="AggregationMethod"/>
    <property>
      <code value="imported"/>
      <valueBoolean value="false"/>
    </property>
    <property>
      <code value="parent"/>
      <valueCode value="Thing"/>
    </property>
    <property>
      <code value="root"/>
      <valueBoolean value="false"/>
    </property>
    <property>
      <code value="deprecated"/>
      <valueBoolean value="false"/>
    </property>
  </concept>
  <concept>
    <code value="Sex"/>
    <display value="Sex"/>
    <property>
      <code value="imported"/>
      <valueBoolean value="false"/>
    </property>
    <property>
      <code value="parent"/>
      <valueCode value="Thing"/>
    </property>
    <property>
      <code value="root"/>
      <valueBoolean value="false"/>
    </property>
    <property>
      <code value="deprecated"/>
      <valueBoolean value="false"/>
    </property>
  </concept>
  <concept>
    <code value="SocialContext"/>
    <display value="SocialContext"/>
    <property>
      <code value="imported"/>
      <valueBoolean value="false"/>
    </property>
    <property>
      <code value="parent"/>
      <valueCode value="Thing"/>
    </property>
    <property>
      <code value="root"/>
      <valueBoolean value="false"/>
    </property>
    <property>
      <code value="deprecated"/>
      <valueBoolean value="false"/>
    </property>
  </concept>
  <concept>
    <code value="InterventionGroup"/>
    <display value="InterventionGroup"/>
    <property>
      <code value="imported"/>
      <valueBoolean value="false"/>
    </property>
    <property>
      <code value="parent"/>
      <valueCode value="Thing"/>
    </property>
    <property>
      <code value="root"/>
      <valueBoolean value="false"/>
    </property>
    <property>
      <code value="deprecated"/>
      <valueBoolean value="false"/>
    </property>
  </concept>
  <concept>
    <code value="Duration"/>
    <display value="Duration"/>
    <property>
      <code value="imported"/>
      <valueBoolean value="false"/>
    </property>
    <property>
      <code value="parent"/>
      <valueCode value="Thing"/>
    </property>
    <property>
      <code value="root"/>
      <valueBoolean value="false"/>
    </property>
    <property>
      <code value="deprecated"/>
      <valueBoolean value="false"/>
    </property>
  </concept>
  <concept>
    <code value="ModeOfDelivery"/>
    <display value="ModeOfDelivery"/>
    <property>
      <code value="imported"/>
      <valueBoolean value="false"/>
    </property>
    <property>
      <code value="parent"/>
      <valueCode value="Thing"/>
    </property>
    <property>
      <code value="root"/>
      <valueBoolean value="false"/>
    </property>
    <property>
      <code value="deprecated"/>
      <valueBoolean value="false"/>
    </property>
  </concept>
  <concept>
    <code value="Condition"/>
    <display value="Condition"/>
    <property>
      <code value="imported"/>
      <valueBoolean value="false"/>
    </property>
    <property>
      <code value="parent"/>
      <valueCode value="Thing"/>
    </property>
    <property>
      <code value="root"/>
      <valueBoolean value="false"/>
    </property>
    <property>
      <code value="deprecated"/>
      <valueBoolean value="false"/>
    </property>
  </concept>
  <concept>
    <code value="SpecificMetric"/>
    <display value="SpecificMetric"/>
    <property>
      <code value="imported"/>
      <valueBoolean value="false"/>
    </property>
    <property>
      <code value="parent"/>
      <valueCode value="Thing"/>
    </property>
    <property>
      <code value="root"/>
      <valueBoolean value="false"/>
    </property>
    <property>
      <code value="deprecated"/>
      <valueBoolean value="false"/>
    </property>
  </concept>
</CodeSystem>