<?xml version="1.0" encoding="UTF-8"?>

<EvidenceVariable xmlns="http://hl7.org/fhir">
  <id value="ExampleEvidenceDataSet"/>
  <meta>
    <profile value="https://www.netzwerk-universitaetsmedizin.de/fhir/cpg-on-ebm-on-fhir/StructureDefinition/evidence-data-set"/>
  </meta>
  <text>
    <status value="generated"/><div xmlns="http://www.w3.org/1999/xhtml"><p class="res-header-id"><b>Generated Narrative: EvidenceVariable ExampleEvidenceDataSet</b></p><a name="ExampleEvidenceDataSet"> </a><a name="hcExampleEvidenceDataSet"> </a><a name="ExampleEvidenceDataSet-en-US"> </a><div style="display: inline-block; background-color: #d9e0e7; padding: 6px; margin: 4px; border: 1px solid #8da1b4; border-radius: 5px; line-height: 60%"><p style="margin-bottom: 0px"/><p style="margin-bottom: 0px">Profile: <a href="StructureDefinition-evidence-data-set.html">Evidence Data Set</a></p></div><p><b>url</b>: <a href="EvidenceVariable-ExampleEvidenceDataSet.html">EvidenceVariable ExampleEvidenceDataSet</a></p><p><b>name</b>: ExampleEvidenceDataSet</p><p><b>status</b>: Active</p><p><b>date</b>: 2025-03-04 10:04:34+0000</p><blockquote><p><b>characteristic</b></p><blockquote><p><b>definitionByCombination</b></p><p><b>code</b>: Dataset</p><h3>Characteristics</h3><table class="grid"><tr><td style="display: none">-</td><td><b>DefinitionReference</b></td></tr><tr><td style="display: none">*</td><td><a href="Evidence-ExampleStudyOutcomeEvidence.html">Evidence ExampleStudyOutcomeEvidence</a></td></tr></table></blockquote></blockquote></div>
  </text>
  <url value="https://www.netzwerk-universitaetsmedizin.de/fhir/cpg-on-ebm-on-fhir/EvidenceVariable/ExampleEvidenceDataSet"/>
  <name value="ExampleEvidenceDataSet"/>
  <status value="active"/>
  <date value="2025-03-04T10:04:34+00:00"/>
  <characteristic>
    <definitionByCombination>
      <code value="dataset"/>
      <characteristic>
        <definitionReference>
          <reference value="Evidence/ExampleStudyOutcomeEvidence"/>
        </definitionReference>
      </characteristic>
    </definitionByCombination>
  </characteristic>
</EvidenceVariable>