<?xml version="1.0" encoding="UTF-8"?>

<EvidenceVariable xmlns="http://hl7.org/fhir">
  <id value="OutcomeAllCauseMortality"/>
  <meta>
    <profile value="https://www.netzwerk-universitaetsmedizin.de/fhir/cpg-on-ebm-on-fhir/StructureDefinition/outcome-definition"/>
  </meta>
  <text>
    <status value="generated"/><div xmlns="http://www.w3.org/1999/xhtml"><p class="res-header-id"><b>Generated Narrative: EvidenceVariable OutcomeAllCauseMortality</b></p><a name="OutcomeAllCauseMortality"> </a><a name="hcOutcomeAllCauseMortality"> </a><a name="OutcomeAllCauseMortality-en-US"> </a><div style="display: inline-block; background-color: #d9e0e7; padding: 6px; margin: 4px; border: 1px solid #8da1b4; border-radius: 5px; line-height: 60%"><p style="margin-bottom: 0px"/><p style="margin-bottom: 0px">Profile: <a href="StructureDefinition-outcome-definition.html">Outcome Definition</a></p></div><p><b>url</b>: <a href="EvidenceVariable-OutcomeAllCauseMortality.html">EvidenceVariable AllCauseMortality</a></p><p><b>name</b>: AllCauseMortality</p><p><b>status</b>: Active</p><p><b>date</b>: 2025-03-04 10:04:34+0000</p><h3>Characteristics</h3><table class="grid"><tr><td style="display: none">-</td><td><b>Exclude</b></td><td><b>DefinitionCodeableConcept</b></td></tr><tr><td style="display: none">*</td><td>false</td><td><span title="Codes:{http://snomed.info/sct 409651001}">Mortality rate (observable entity)</span></td></tr></table><p><b>handling</b>: dichotomous variable</p></div>
  </text>
  <url value="https://www.netzwerk-universitaetsmedizin.de/fhir/cpg-on-ebm-on-fhir/EvidenceVariable/OutcomeAllCauseMortality"/>
  <name value="AllCauseMortality"/>
  <status value="active"/>
  <date value="2025-03-04T10:04:34+00:00"/>
  <characteristic>
    <exclude value="false"/>
    <definitionCodeableConcept>
      <coding>
        <system value="http://snomed.info/sct"/>
        <code value="409651001"/>
        <display value="Mortality rate (observable entity)"/>
      </coding>
    </definitionCodeableConcept>
  </characteristic>
  <handling value="dichotomous"/>
</EvidenceVariable>