<?xml version="1.0" encoding="UTF-8"?><ActivityDefinition xmlns="http://hl7.org/fhir"><id value="DexamethasoneApplicationActionOral"/><meta><profile value="https://www.netzwerk-universitaetsmedizin.de/fhir/cpg-on-ebm-on-fhir/StructureDefinition/drug-administration-action"/></meta><extension url="http://hl7.org/fhir/uv/cpg/StructureDefinition/cpg-knowledgeCapability"><valueCode value="computable"/></extension><extension url="http://hl7.org/fhir/uv/cpg/StructureDefinition/cpg-knowledgeRepresentationLevel"><valueCode value="structured"/></extension><url value="https://www.netzwerk-universitaetsmedizin.de/fhir/cpg-on-ebm-on-fhir/example/recommendation-action/dexamethasone-application-oral"/><version value="1.0"/><name value="DexamethasoneApplicationActionOral"/><status value="active"/><experimental value="true"/><subjectCodeableConcept><coding><system value="http://hl7.org/fhir/fhir-types"/><code value="Patient"/></coding></subjectCodeableConcept><date value="2025-03-04T10:04:34+00:00"/><publisher value="CPGonEBMonFHIR"/><description value="Application of Dexamethasone: 6 mg once per day for 10 days (oral route)"/><kind value="MedicationRequest"/><code><coding><system value="http://snomed.info/sct"/><code value="18629005"/><display value="Administration of drug or medicament (procedure)"/></coding></code><productCodeableConcept><coding><system value="http://snomed.info/sct"/><code value="372584003"/><display value="Dexamethasone (substance)"/></coding><coding><system value="http://fhir.de/CodeSystem/bfarm/atc"/><code value="C05AA09"/><display value="Dexamethason"/></coding></productCodeableConcept><dosage><timing><repeat><count value="10"/><duration value="10"/><durationUnit value="d"/><frequency value="1"/><period value="1"/><periodUnit value="d"/></repeat></timing><route><coding><system value="http://snomed.info/sct"/><code value="26643006"/><display value="Oral route"/></coding></route><doseAndRate><doseQuantity><value value="6"/><unit value="mg"/><system value="http://unitsofmeasure.org"/><code value="mg"/></doseQuantity><rateQuantity><value value="1"/><unit value="/d"/><system value="http://unitsofmeasure.org"/><code value="/d"/></rateQuantity></doseAndRate></dosage></ActivityDefinition>