<?xml version="1.0" encoding="UTF-8"?><Citation xmlns="http://hl7.org/fhir"><id value="ExampleStudyCitation"/><meta><profile value="https://www.netzwerk-universitaetsmedizin.de/fhir/cpg-on-ebm-on-fhir/StructureDefinition/study-citation"/></meta><url value="https://www.netzwerk-universitaetsmedizin.de/fhir/cpg-on-ebm-on-fhir/Citation/ExampleStudyCitation"/><name value="ExampleCitation"/><status value="active"/><date value="2025-03-04T10:04:34+00:00"/><citedArtifact><identifier><value value="ceoysy/exampleIdentifier"/></identifier><title><text value="Example Citation"/></title><classification><type><coding><system value="http://hl7.org/fhir/cited-artifact-classification-type"/><code value="publication-type"/><display value="Publication Type"/></coding></type><classifier><coding><system value="http://hl7.org/fhir/citation-artifact-classifier"/><code value="D016428"/><display value="Journal Article"/></coding></classifier></classification></citedArtifact></Citation>