<?xml version="1.0" encoding="UTF-8"?><EvidenceVariable xmlns="http://hl7.org/fhir"><id value="ExampleEvidenceDataSet"/><meta><profile value="https://www.netzwerk-universitaetsmedizin.de/fhir/cpg-on-ebm-on-fhir/StructureDefinition/evidence-data-set"/></meta><url value="https://www.netzwerk-universitaetsmedizin.de/fhir/cpg-on-ebm-on-fhir/EvidenceVariable/ExampleEvidenceDataSet"/><name value="ExampleEvidenceDataSet"/><status value="active"/><date value="2025-03-04T10:04:34+00:00"/><characteristic><definitionByCombination><code value="dataset"/><characteristic><definitionReference><reference value="Evidence/ExampleStudyOutcomeEvidence"/></definitionReference></characteristic></definitionByCombination></characteristic></EvidenceVariable>