<?xml version="1.0" encoding="UTF-8"?><EvidenceVariable xmlns="http://hl7.org/fhir"><id value="ExampleRecommendationEligibilityCriteriaWithAttribute"/><meta><profile value="https://www.netzwerk-universitaetsmedizin.de/fhir/cpg-on-ebm-on-fhir/StructureDefinition/recommendation-eligibility-criteria"/></meta><url value="https://www.netzwerk-universitaetsmedizin.de/fhir/cpg-on-ebm-on-fhir/example/recommendation-eligibility-criteria-with-attribute"/><name value="PopulationExample"/><status value="active"/><date value="2025-03-04T10:04:34+00:00"/><characteristic><definitionByTypeAndValue><extension url="https://www.netzwerk-universitaetsmedizin.de/fhir/cpg-on-ebm-on-fhir/StructureDefinition/ext-characteristic-attribute"><extension url="type"><valueCodeableConcept><coding><system value="http://loinc.org"/><code value="78927-1"/><display value="Procedure urgency"/></coding></valueCodeableConcept></extension><extension url="value"><valueCodeableConcept><coding><system value="http://snomed.info/sct"/><code value="103390000"/><display value="Elective (qualifier value)"/></coding></valueCodeableConcept></extension></extension><type><coding><system value="http://snomed.info/sct"/><code value="404684003"/><display value="Clinical finding (finding)"/></coding></type><valueCodeableConcept><coding><system value="http://snomed.info/sct"/><code value="840539006"/><display value="Disease caused by Severe acute respiratory syndrome coronavirus 2 (disorder)"/></coding></valueCodeableConcept></definitionByTypeAndValue></characteristic></EvidenceVariable>