<?xml version="1.0" encoding="UTF-8"?><PlanDefinition xmlns="http://hl7.org/fhir"><id value="COVID19NonVentilatedPatientsDexamethasoneApplicationPlan"/><meta><profile value="https://www.netzwerk-universitaetsmedizin.de/fhir/cpg-on-ebm-on-fhir/StructureDefinition/recommendation-plan"/></meta><extension url="http://hl7.org/fhir/uv/cpg/StructureDefinition/cpg-knowledgeCapability"><valueCode value="computable"/></extension><extension url="http://hl7.org/fhir/uv/cpg/StructureDefinition/cpg-knowledgeRepresentationLevel"><valueCode value="structured"/></extension><extension url="http://hl7.org/fhir/uv/cpg/StructureDefinition/cpg-partOf"><valueCanonical value="https://www.netzwerk-universitaetsmedizin.de/fhir/cpg-on-ebm-on-fhir/example/covid19-dexamethasone-recommendation"/></extension><extension url="https://www.netzwerk-universitaetsmedizin.de/fhir/cpg-on-ebm-on-fhir/StructureDefinition/ext-action-combination-method"><extension url="method"><valueCodeableConcept><coding><system value="https://www.netzwerk-universitaetsmedizin.de/fhir/cpg-on-ebm-on-fhir/CodeSystem/cs-action-combination-method"/><code value="exactly"/></coding></valueCodeableConcept></extension><extension url="threshold"><valuePositiveInt value="1"/></extension></extension><url value="https://www.netzwerk-universitaetsmedizin.de/fhir/cpg-on-ebm-on-fhir/example/covid19-non-ventilated-patients-no-dexamethasone-application-plan"/><version value="4.0"/><name value="No_Dexamethasone_Application"/><title value="No Dexamethasone Application for non-ventilated COVID-19 patients"/><type><coding><system value="http://terminology.hl7.org/CodeSystem/plan-definition-type"/><code value="eca-rule"/></coding></type><status value="active"/><experimental value="true"/><subjectCanonical value="https://www.netzwerk-universitaetsmedizin.de/fhir/cpg-on-ebm-on-fhir/example/population/Population_COVID19_NonVentilated"/><date value="2021-12-12"/><publisher value="CPGonEBMonFHIR"/><description value="No Dexamethasone Application for non-ventilated COVID19 patients"/><action><code><coding><system value="http://snomed.info/sct"/><code value="18629005"/><display value="Administration of drug or medicament (procedure)"/></coding></code><definitionCanonical value="https://www.netzwerk-universitaetsmedizin.de/fhir/cpg-on-ebm-on-fhir/example/recommendation-action/no-dexamethasone-application"/></action></PlanDefinition>