<?xml version="1.0" encoding="UTF-8"?><PlanDefinition xmlns="http://hl7.org/fhir"><id value="COVID19DexamethasoneApplication"/><meta><profile value="https://www.netzwerk-universitaetsmedizin.de/fhir/cpg-on-ebm-on-fhir/StructureDefinition/recommendation"/></meta><extension url="http://hl7.org/fhir/uv/cpg/StructureDefinition/cpg-knowledgeCapability"><valueCode value="computable"/></extension><extension url="http://hl7.org/fhir/uv/cpg/StructureDefinition/cpg-knowledgeRepresentationLevel"><valueCode value="structured"/></extension><extension url="https://www.netzwerk-universitaetsmedizin.de/fhir/cpg-on-ebm-on-fhir/StructureDefinition/ext-action-combination-method"><extension url="method"><valueCodeableConcept><coding><system value="https://www.netzwerk-universitaetsmedizin.de/fhir/cpg-on-ebm-on-fhir/CodeSystem/cs-action-combination-method"/><code value="one-or-more"/></coding></valueCodeableConcept></extension></extension><url value="https://www.netzwerk-universitaetsmedizin.de/fhir/cpg-on-ebm-on-fhir/example/covid19-dexamethasone-recommendation"/><version value="4.0"/><name value="Dexamethasone_Application"/><title value="Dexamethasone Application"/><type><coding><system value="http://terminology.hl7.org/CodeSystem/plan-definition-type"/><code value="workflow-definition"/></coding></type><status value="active"/><experimental value="true"/><subjectCanonical value="https://www.netzwerk-universitaetsmedizin.de/fhir/cpg-on-ebm-on-fhir/example/population/Population_COVID19_Ventilated"/><date value="2021-12-12"/><publisher value="CPGonEBMonFHIR"/><description value="Application of Dexamethasone for ventilated patients only"/><relatedArtifact><type value="justification"/><classifier><coding><system value="https://www.netzwerk-universitaetsmedizin.de/fhir/cpg-on-ebm-on-fhir/CodeSystem/ceosys-code-system"/><code value="recommendation-rating"/><display value="Recommendation rating"/></coding></classifier><resourceReference><reference value="ArtifactAssessment/DexamethasoneRecommendationJustification"/></resourceReference></relatedArtifact><relatedArtifact><type value="citation"/><classifier><coding><system value="https://www.netzwerk-universitaetsmedizin.de/fhir/cpg-on-ebm-on-fhir/CodeSystem/ceosys-code-system"/><code value="guideline-recommendation"/><display value="Clinical practice guideline recommendation"/></coding></classifier><resourceReference><reference value="Citation/DexamethasoneRecommendationCitation"/></resourceReference></relatedArtifact><relatedArtifact><type value="citation"/><classifier><coding><system value="https://www.netzwerk-universitaetsmedizin.de/fhir/cpg-on-ebm-on-fhir/CodeSystem/ceosys-code-system"/><code value="clinical-practice-guideline"/><display value="Clinical practice guideline"/></coding></classifier><resourceReference><reference value="Citation/COVID19IntensiveCareTreatmentGuidelineCitation"/></resourceReference></relatedArtifact><action><title value="Dexamethasone Application"/><description value="Application of Dexamethasone: 6 mg once per day for 10 days p.o. or i.v. for ventilated COVID-19 patients"/><code><coding><system value="http://hl7.org/fhir/uv/cpg/CodeSystem/cpg-common-process"/><code value="guideline-based-care"/></coding></code><definitionCanonical value="https://www.netzwerk-universitaetsmedizin.de/fhir/cpg-on-ebm-on-fhir/example/covid19-ventilated-patients-dexamethasone-application-plan"/></action><action><title value="No Dexamethasone Application"/><description value="No Dexamethasone Application for non-ventilated COVID-19 patients"/><code><coding><system value="http://hl7.org/fhir/uv/cpg/CodeSystem/cpg-common-process"/><code value="guideline-based-care"/></coding></code><definitionCanonical value="https://www.netzwerk-universitaetsmedizin.de/fhir/cpg-on-ebm-on-fhir/example/covid19-non-ventilated-patients-no-dexamethasone-application-plan"/></action></PlanDefinition>