<?xml version="1.0" encoding="UTF-8"?><ValueSet xmlns="http://hl7.org/fhir"><id value="vs-substances-snomed"/><meta><profile value="http://hl7.org/fhir/uv/cpg/StructureDefinition/cpg-computablevalueset"/></meta><text><status value="generated"/><div xmlns="http://www.w3.org/1999/xhtml"><p class="res-header-id"><b>Generated Narrative: ValueSet vs-substances-snomed</b></p><a name="vs-substances-snomed"> </a><a name="hcvs-substances-snomed"> </a><a name="vs-substances-snomed-en-US"> </a><div style="display: inline-block; background-color: #d9e0e7; padding: 6px; margin: 4px; border: 1px solid #8da1b4; border-radius: 5px; line-height: 60%"><p style="margin-bottom: 0px"/><p style="margin-bottom: 0px">Profile: <a href="http://hl7.org/fhir/uv/cpg/STU1/StructureDefinition-cpg-computablevalueset.html">CPGComputableValueSet</a></p></div><ul><li>Include codes from<a href="http://www.snomed.org/"><code>http://snomed.info/sct</code></a> where concept  is-a 105590001 (Substance)</li></ul></div></text><extension url="http://hl7.org/fhir/uv/cpg/StructureDefinition/cpg-knowledgeCapability"><valueCode value="shareable"/></extension><extension url="http://hl7.org/fhir/uv/cpg/StructureDefinition/cpg-knowledgeCapability"><valueCode value="computable"/></extension><extension url="http://hl7.org/fhir/uv/cpg/StructureDefinition/cpg-knowledgeCapability"><valueCode value="publishable"/></extension><extension url="http://hl7.org/fhir/uv/cpg/StructureDefinition/cpg-knowledgeRepresentationLevel"><valueCode value="structured"/></extension><url value="https://www.netzwerk-universitaetsmedizin.de/fhir/cpg-on-ebm-on-fhir/ValueSet/vs-substances-snomed"/><version value="0.1.1"/><name value="SubstancesSNOMED"/><title value="Substances SNOMED CT"/><status value="draft"/><date value="2022-09-06"/><publisher value="Netzwerk Universitätsmedizin (NUM)"/><contact><telecom><system value="url"/><value value="https://www.netzwerk-universitaetsmedizin.de"/></telecom></contact><description value="All substance codes from SNOMED CT"/><compose><include><system value="http://snomed.info/sct"/><filter><property value="concept"/><op value="is-a"/><value value="105590001"/></filter></include></compose></ValueSet>