{
  "resourceType" : "Group",
  "id" : "ExampleStudyCohort",
  "meta" : {
    "profile" : ["https://www.netzwerk-universitaetsmedizin.de/fhir/cpg-on-ebm-on-fhir/StructureDefinition/study-cohort"]
  },
  "text" : {
    "status" : "generated",
    "div" : "<div xmlns=\"http://www.w3.org/1999/xhtml\"><p class=\"res-header-id\"><b>Generated Narrative: Group ExampleStudyCohort</b></p><a name=\"ExampleStudyCohort\"> </a><a name=\"hcExampleStudyCohort\"> </a><a name=\"ExampleStudyCohort-en-US\"> </a><div style=\"display: inline-block; background-color: #d9e0e7; padding: 6px; margin: 4px; border: 1px solid #8da1b4; border-radius: 5px; line-height: 60%\"><p style=\"margin-bottom: 0px\"/><p style=\"margin-bottom: 0px\">Profile: <a href=\"StructureDefinition-study-cohort.html\">Study Cohort</a></p></div><p><b>type</b>: Person</p><p><b>membership</b>: Definitional</p><p><b>quantity</b>: 20</p></div>"
  },
  "type" : "person",
  "membership" : "definitional",
  "quantity" : 20
}