<?xml version="1.0" encoding="UTF-8"?>

<PlanDefinition xmlns="http://hl7.org/fhir">
  <id value="COVID19DexamethasoneApplication"/>
  <meta>
    <profile value="https://www.netzwerk-universitaetsmedizin.de/fhir/cpg-on-ebm-on-fhir/StructureDefinition/recommendation"/>
  </meta>
  <text>
    <status value="extensions"/><div xmlns="http://www.w3.org/1999/xhtml"><p class="res-header-id"><b>Generated Narrative: PlanDefinition COVID19DexamethasoneApplication</b></p><a name="COVID19DexamethasoneApplication"> </a><a name="hcCOVID19DexamethasoneApplication"> </a><a name="COVID19DexamethasoneApplication-en-US"> </a><div style="display: inline-block; background-color: #d9e0e7; padding: 6px; margin: 4px; border: 1px solid #8da1b4; border-radius: 5px; line-height: 60%"><p style="margin-bottom: 0px"/><p style="margin-bottom: 0px">Profile: <a href="StructureDefinition-recommendation.html">Recommendation</a></p></div><p><b>knowledgeCapability</b>: computable</p><p><b>knowledgeRepresentationLevel</b>: structured</p><blockquote><p><b>Action Combination Method</b></p><ul><li>method: <span title="Codes:{https://www.netzwerk-universitaetsmedizin.de/fhir/cpg-on-ebm-on-fhir/CodeSystem/cs-action-combination-method one-or-more}">One or More</span></li></ul></blockquote><p><b>url</b>: <a href="PlanDefinition-COVID19DexamethasoneApplication.html">PlanDefinition Dexamethasone Application</a></p><p><b>version</b>: 4.0</p><p><b>name</b>: Dexamethasone_Application</p><p><b>title</b>: Dexamethasone Application</p><p><b>type</b>: <span title="Codes:{http://terminology.hl7.org/CodeSystem/plan-definition-type workflow-definition}">Workflow Definition</span></p><p><b>status</b>: Active</p><p><b>experimental</b>: true</p><p><b>subject</b>: <a href="EvidenceVariable-PopulationCOVID19Ventilated.html">Population_COVID19_Ventilated</a></p><p><b>date</b>: 2021-12-12</p><p><b>publisher</b>: CPGonEBMonFHIR</p><p><b>description</b>: </p><div><p>Application of Dexamethasone for ventilated patients only</p>
</div><h3>RelatedArtifacts</h3><table class="grid"><tr><td style="display: none">-</td><td><b>Type</b></td><td><b>Classifier</b></td><td><b>ResourceReference</b></td></tr><tr><td style="display: none">*</td><td>Justification</td><td><span title="Codes:{https://www.netzwerk-universitaetsmedizin.de/fhir/cpg-on-ebm-on-fhir/CodeSystem/ceosys-code-system recommendation-rating}">Recommendation rating</span></td><td><a href="ArtifactAssessment-DexamethasoneRecommendationJustification.html">ArtifactAssessment: extension = v4.0,active; date = 2020-01-03; artifact[x] = -&gt;PlanDefinition Dexamethasone Application in ventilated COVID-19 patients</a></td></tr><tr><td style="display: none">*</td><td>Citation</td><td><span title="Codes:{https://www.netzwerk-universitaetsmedizin.de/fhir/cpg-on-ebm-on-fhir/CodeSystem/ceosys-code-system guideline-recommendation}">Clinical practice guideline recommendation</span></td><td><a href="Citation-DexamethasoneRecommendationCitation.html">Citation DexamethasoneRecommendationCitation</a></td></tr><tr><td style="display: none">*</td><td>Citation</td><td><span title="Codes:{https://www.netzwerk-universitaetsmedizin.de/fhir/cpg-on-ebm-on-fhir/CodeSystem/ceosys-code-system clinical-practice-guideline}">Clinical practice guideline</span></td><td><a href="Citation-COVID19IntensiveCareTreatmentGuidelineCitation.html">Citation COVID19_Intensive_Care_Treatment_Guideline</a></td></tr></table><blockquote><p><b>action</b></p><p><b>title</b>: Dexamethasone Application</p><p><b>description</b>: </p><div><p>Application of Dexamethasone: 6 mg once per day for 10 days p.o. or i.v. for ventilated COVID-19 patients</p>
</div><p><b>code</b>: <span title="Codes:{http://hl7.org/fhir/uv/cpg/CodeSystem/cpg-common-process guideline-based-care}">Guideline-based Care</span></p><p><b>definition</b>: <a href="PlanDefinition-COVID19VentilatedPatientsDexamethasoneApplicationPlan.html">Dexamethasone Application in ventilated COVID-19 patients</a></p></blockquote><blockquote><p><b>action</b></p><p><b>title</b>: No Dexamethasone Application</p><p><b>description</b>: </p><div><p>No Dexamethasone Application for non-ventilated COVID-19 patients</p>
</div><p><b>code</b>: <span title="Codes:{http://hl7.org/fhir/uv/cpg/CodeSystem/cpg-common-process guideline-based-care}">Guideline-based Care</span></p><p><b>definition</b>: <a href="PlanDefinition-COVID19NonVentilatedPatientsDexamethasoneApplicationPlan.html">No Dexamethasone Application for non-ventilated COVID-19 patients</a></p></blockquote></div>
  </text>
  <extension url="http://hl7.org/fhir/uv/cpg/StructureDefinition/cpg-knowledgeCapability">
    <valueCode value="computable"/>
  </extension>
  <extension url="http://hl7.org/fhir/uv/cpg/StructureDefinition/cpg-knowledgeRepresentationLevel">
    <valueCode value="structured"/>
  </extension>
  <extension url="https://www.netzwerk-universitaetsmedizin.de/fhir/cpg-on-ebm-on-fhir/StructureDefinition/ext-action-combination-method">
    <extension url="method">
      <valueCodeableConcept>
        <coding>
          <system value="https://www.netzwerk-universitaetsmedizin.de/fhir/cpg-on-ebm-on-fhir/CodeSystem/cs-action-combination-method"/>
          <code value="one-or-more"/>
        </coding>
      </valueCodeableConcept>
    </extension>
  </extension>
  <url value="https://www.netzwerk-universitaetsmedizin.de/fhir/cpg-on-ebm-on-fhir/example/covid19-dexamethasone-recommendation"/>
  <version value="4.0"/>
  <name value="Dexamethasone_Application"/>
  <title value="Dexamethasone Application"/>
  <type>
    <coding>
      <system value="http://terminology.hl7.org/CodeSystem/plan-definition-type"/>
      <code value="workflow-definition"/>
    </coding>
  </type>
  <status value="active"/>
  <experimental value="true"/>
  <subjectCanonical value="https://www.netzwerk-universitaetsmedizin.de/fhir/cpg-on-ebm-on-fhir/example/population/Population_COVID19_Ventilated"/>
  <date value="2021-12-12"/>
  <publisher value="CPGonEBMonFHIR"/>
  <description value="Application of Dexamethasone for ventilated patients only"/>
  <relatedArtifact>
    <type value="justification"/>
    <classifier>
      <coding>
        <system value="https://www.netzwerk-universitaetsmedizin.de/fhir/cpg-on-ebm-on-fhir/CodeSystem/ceosys-code-system"/>
        <code value="recommendation-rating"/>
        <display value="Recommendation rating"/>
      </coding>
    </classifier>
    <resourceReference>
      <reference value="ArtifactAssessment/DexamethasoneRecommendationJustification"/>
    </resourceReference>
  </relatedArtifact>
  <relatedArtifact>
    <type value="citation"/>
    <classifier>
      <coding>
        <system value="https://www.netzwerk-universitaetsmedizin.de/fhir/cpg-on-ebm-on-fhir/CodeSystem/ceosys-code-system"/>
        <code value="guideline-recommendation"/>
        <display value="Clinical practice guideline recommendation"/>
      </coding>
    </classifier>
    <resourceReference>
      <reference value="Citation/DexamethasoneRecommendationCitation"/>
    </resourceReference>
  </relatedArtifact>
  <relatedArtifact>
    <type value="citation"/>
    <classifier>
      <coding>
        <system value="https://www.netzwerk-universitaetsmedizin.de/fhir/cpg-on-ebm-on-fhir/CodeSystem/ceosys-code-system"/>
        <code value="clinical-practice-guideline"/>
        <display value="Clinical practice guideline"/>
      </coding>
    </classifier>
    <resourceReference>
      <reference value="Citation/COVID19IntensiveCareTreatmentGuidelineCitation"/>
    </resourceReference>
  </relatedArtifact>
  <action>
    <title value="Dexamethasone Application"/>
    <description value="Application of Dexamethasone: 6 mg once per day for 10 days p.o. or i.v. for ventilated COVID-19 patients"/>
    <code>
      <coding>
        <system value="http://hl7.org/fhir/uv/cpg/CodeSystem/cpg-common-process"/>
        <code value="guideline-based-care"/>
      </coding>
    </code>
    <definitionCanonical value="https://www.netzwerk-universitaetsmedizin.de/fhir/cpg-on-ebm-on-fhir/example/covid19-ventilated-patients-dexamethasone-application-plan"/>
  </action>
  <action>
    <title value="No Dexamethasone Application"/>
    <description value="No Dexamethasone Application for non-ventilated COVID-19 patients"/>
    <code>
      <coding>
        <system value="http://hl7.org/fhir/uv/cpg/CodeSystem/cpg-common-process"/>
        <code value="guideline-based-care"/>
      </coding>
    </code>
    <definitionCanonical value="https://www.netzwerk-universitaetsmedizin.de/fhir/cpg-on-ebm-on-fhir/example/covid19-non-ventilated-patients-no-dexamethasone-application-plan"/>
  </action>
</PlanDefinition>