{
  "resourceType" : "ValueSet",
  "id" : "vs-substances-snomed",
  "meta" : {
    "profile" : ["http://hl7.org/fhir/uv/cpg/StructureDefinition/cpg-computablevalueset"]
  },
  "text" : {
    "status" : "generated",
    "div" : "<div xmlns=\"http://www.w3.org/1999/xhtml\"><p class=\"res-header-id\"><b>Generated Narrative: ValueSet vs-substances-snomed</b></p><a name=\"vs-substances-snomed\"> </a><a name=\"hcvs-substances-snomed\"> </a><a name=\"vs-substances-snomed-en-US\"> </a><div style=\"display: inline-block; background-color: #d9e0e7; padding: 6px; margin: 4px; border: 1px solid #8da1b4; border-radius: 5px; line-height: 60%\"><p style=\"margin-bottom: 0px\"/><p style=\"margin-bottom: 0px\">Profile: <a href=\"http://hl7.org/fhir/uv/cpg/STU1/StructureDefinition-cpg-computablevalueset.html\">CPGComputableValueSet</a></p></div><ul><li>Include codes from<a href=\"http://www.snomed.org/\"><code>http://snomed.info/sct</code></a> where concept  is-a 105590001 (Substance)</li></ul></div>"
  },
  "extension" : [{
    "url" : "http://hl7.org/fhir/uv/cpg/StructureDefinition/cpg-knowledgeCapability",
    "valueCode" : "shareable"
  },
  {
    "url" : "http://hl7.org/fhir/uv/cpg/StructureDefinition/cpg-knowledgeCapability",
    "valueCode" : "computable"
  },
  {
    "url" : "http://hl7.org/fhir/uv/cpg/StructureDefinition/cpg-knowledgeCapability",
    "valueCode" : "publishable"
  },
  {
    "url" : "http://hl7.org/fhir/uv/cpg/StructureDefinition/cpg-knowledgeRepresentationLevel",
    "valueCode" : "structured"
  }],
  "url" : "https://www.netzwerk-universitaetsmedizin.de/fhir/cpg-on-ebm-on-fhir/ValueSet/vs-substances-snomed",
  "version" : "0.1.1",
  "name" : "SubstancesSNOMED",
  "title" : "Substances SNOMED CT",
  "status" : "draft",
  "date" : "2022-09-06",
  "publisher" : "Netzwerk Universitätsmedizin (NUM)",
  "contact" : [{
    "telecom" : [{
      "system" : "url",
      "value" : "https://www.netzwerk-universitaetsmedizin.de"
    }]
  }],
  "description" : "All substance codes from SNOMED CT",
  "compose" : {
    "include" : [{
      "system" : "http://snomed.info/sct",
      "filter" : [{
        "property" : "concept",
        "op" : "is-a",
        "value" : "105590001"
      }]
    }]
  }
}