{"resourceType":"ActivityDefinition","id":"NoDexamethasoneApplication","meta":{"profile":["https://www.netzwerk-universitaetsmedizin.de/fhir/cpg-on-ebm-on-fhir/StructureDefinition/drug-administration-action"]},"extension":[{"url":"http://hl7.org/fhir/uv/cpg/StructureDefinition/cpg-knowledgeCapability","valueCode":"computable"},{"url":"http://hl7.org/fhir/uv/cpg/StructureDefinition/cpg-knowledgeRepresentationLevel","valueCode":"structured"}],"url":"https://www.netzwerk-universitaetsmedizin.de/fhir/cpg-on-ebm-on-fhir/example/recommendation-action/no-dexamethasone-application","version":"1.0","name":"NoDexamethasoneApplicationActivity","status":"active","experimental":true,"subjectCodeableConcept":{"coding":[{"system":"http://hl7.org/fhir/fhir-types","code":"Patient"}]},"date":"2025-03-04T10:04:34+00:00","publisher":"CPGonEBMonFHIR","description":"No Application of Dexamethasone","kind":"MedicationRequest","code":{"coding":[{"system":"http://snomed.info/sct","code":"18629005","display":"Administration of drug or medicament (procedure)"}]},"doNotPerform":true,"productCodeableConcept":{"coding":[{"system":"http://snomed.info/sct","code":"372584003","display":"Dexamethasone (substance)"},{"system":"http://fhir.de/CodeSystem/bfarm/atc","code":"C05AA09","display":"Dexamethason"}]},"dosage":[{"route":{"coding":[{"system":"http://snomed.info/sct","code":"26643006","display":"Oral route"}]},"doseAndRate":[{"doseQuantity":{"value":6,"unit":"mg","system":"http://unitsofmeasure.org","code":"mg"},"rateQuantity":{"value":1,"unit":"/d","system":"http://unitsofmeasure.org","code":"/d"}}]}]}