{"resourceType":"Citation","id":"ExampleStudyCitation","meta":{"profile":["https://www.netzwerk-universitaetsmedizin.de/fhir/cpg-on-ebm-on-fhir/StructureDefinition/study-citation"]},"url":"https://www.netzwerk-universitaetsmedizin.de/fhir/cpg-on-ebm-on-fhir/Citation/ExampleStudyCitation","name":"ExampleCitation","status":"active","date":"2025-03-04T10:04:34+00:00","citedArtifact":{"identifier":[{"value":"ceoysy/exampleIdentifier"}],"title":[{"text":"Example Citation"}],"classification":[{"type":{"coding":[{"system":"http://hl7.org/fhir/cited-artifact-classification-type","code":"publication-type","display":"Publication Type"}]},"classifier":[{"coding":[{"system":"http://hl7.org/fhir/citation-artifact-classifier","code":"D016428","display":"Journal Article"}]}]}]}}