{"resourceType":"CodeSystem","id":"cochrane-core-ontology","text":{"status":"generated","div":"<div xmlns=\"http://www.w3.org/1999/xhtml\"><p class=\"res-header-id\"><b>Generated Narrative: CodeSystem cochrane-core-ontology</b></p><a name=\"cochrane-core-ontology\"> </a><a name=\"hccochrane-core-ontology\"> </a><a name=\"cochrane-core-ontology-en-US\"> </a><p><b>Properties</b></p><p><b>This code system defines the following properties for its concepts</b></p><table class=\"grid\"><tr><td><b>Name</b></td><td><b>Code</b></td><td><b>Type</b></td><td><b>Description</b></td></tr><tr><td>parent</td><td>parent</td><td>code</td><td>Parent codes.</td></tr><tr><td>imported</td><td>imported</td><td>boolean</td><td>Indicates if the concept is imported from another code system.</td></tr><tr><td>root</td><td>root</td><td>boolean</td><td>Indicates if this concept is a root concept (i.e. Thing is equivalent or a direct parent)</td></tr><tr><td>deprecated</td><td>deprecated</td><td>boolean</td><td>Indicates if this concept is deprecated.</td></tr></table><p><b>Filters</b></p><table class=\"grid\"><tr><td><b>Code</b></td><td><b>Description</b></td><td><b>Op</b></td><td><b>Value</b></td></tr><tr><td>root</td><td/><td>= </td><td>True or false.</td></tr><tr><td>deprecated</td><td/><td>= </td><td>True or false.</td></tr><tr><td>imported</td><td/><td>= </td><td>True or false</td></tr></table><p><b>Concepts</b></p><p>This  code system <code>http://data.cochrane.org/ontologies/core/</code> defines the following codes in a Is-A hierarchy:</p><table class=\"codes\"><tr><td style=\"white-space:nowrap\"><b>Code</b></td><td><b>parent</b></td><td><b>imported</b></td><td><b>root</b></td><td><b>deprecated</b></td></tr><tr><td style=\"white-space:nowrap\">Concept<a name=\"cochrane-core-ontology-Concept\"> </a></td><td><a href=\"#cochrane-core-ontology-Thing\">Thing</a></td><td>false</td><td>false</td><td>false</td></tr><tr><td style=\"white-space:nowrap\">Condition<a name=\"cochrane-core-ontology-Condition\"> </a></td><td><a href=\"#cochrane-core-ontology-Concept\">Concept</a></td><td>false</td><td>false</td><td>false</td></tr><tr><td style=\"white-space:nowrap\">DrugCategory<a name=\"cochrane-core-ontology-DrugCategory\"> </a></td><td><a href=\"#cochrane-core-ontology-InterventionCategory\">InterventionCategory</a></td><td>false</td><td>false</td><td>false</td></tr><tr><td style=\"white-space:nowrap\">InterventionProvider<a name=\"cochrane-core-ontology-InterventionProvider\"> </a></td><td><a href=\"#cochrane-core-ontology-Concept\">Concept</a></td><td>false</td><td>false</td><td>false</td></tr><tr><td style=\"white-space:nowrap\">ProcedureCategory<a name=\"cochrane-core-ontology-ProcedureCategory\"> </a></td><td><a href=\"#cochrane-core-ontology-InterventionCategory\">InterventionCategory</a></td><td>false</td><td>false</td><td>false</td></tr><tr><td style=\"white-space:nowrap\">SpecificMetric<a name=\"cochrane-core-ontology-SpecificMetric\"> </a></td><td><a href=\"#cochrane-core-ontology-Concept\">Concept</a></td><td>false</td><td>false</td><td>false</td></tr><tr><td style=\"white-space:nowrap\">Material<a name=\"cochrane-core-ontology-Material\"> </a></td><td><a href=\"#cochrane-core-ontology-AppliedIntervention\">AppliedIntervention</a></td><td>false</td><td>false</td><td>false</td></tr><tr><td style=\"white-space:nowrap\">Thing<a name=\"cochrane-core-ontology-Thing\"> </a></td><td/><td>false</td><td>true</td><td>false</td></tr><tr><td style=\"white-space:nowrap\">InterventionRationale<a name=\"cochrane-core-ontology-InterventionRationale\"> </a></td><td><a href=\"#cochrane-core-ontology-Concept\">Concept</a></td><td>false</td><td>false</td><td>false</td></tr><tr><td style=\"white-space:nowrap\">Drug<a name=\"cochrane-core-ontology-Drug\"> </a></td><td><a href=\"#cochrane-core-ontology-Material\">Material</a></td><td>false</td><td>false</td><td>false</td></tr><tr><td style=\"white-space:nowrap\">Age<a name=\"cochrane-core-ontology-Age\"> </a></td><td><a href=\"#cochrane-core-ontology-Concept\">Concept</a></td><td>false</td><td>false</td><td>false</td></tr><tr><td style=\"white-space:nowrap\">AppliedIntervention<a name=\"cochrane-core-ontology-AppliedIntervention\"> </a></td><td><a href=\"#cochrane-core-ontology-Concept\">Concept</a></td><td>false</td><td>false</td><td>false</td></tr><tr><td style=\"white-space:nowrap\">ConceptScheme<a name=\"cochrane-core-ontology-ConceptScheme\"> </a></td><td><a href=\"#cochrane-core-ontology-Thing\">Thing</a></td><td>false</td><td>false</td><td>false</td></tr><tr><td style=\"white-space:nowrap\">OutcomeClassification<a name=\"cochrane-core-ontology-OutcomeClassification\"> </a></td><td><a href=\"#cochrane-core-ontology-Concept\">Concept</a></td><td>false</td><td>false</td><td>false</td></tr><tr><td style=\"white-space:nowrap\">AssessmentScale<a name=\"cochrane-core-ontology-AssessmentScale\"> </a></td><td><a href=\"#cochrane-core-ontology-Concept\">Concept</a></td><td>false</td><td>false</td><td>false</td></tr><tr><td style=\"white-space:nowrap\">DeviceCategory<a name=\"cochrane-core-ontology-DeviceCategory\"> </a></td><td><a href=\"#cochrane-core-ontology-InterventionCategory\">InterventionCategory</a></td><td>false</td><td>false</td><td>false</td></tr><tr><td style=\"white-space:nowrap\">InterventionCategory<a name=\"cochrane-core-ontology-InterventionCategory\"> </a></td><td><a href=\"#cochrane-core-ontology-AppliedIntervention\">AppliedIntervention</a></td><td>false</td><td>false</td><td>false</td></tr><tr><td style=\"white-space:nowrap\">ModeOfDelivery<a name=\"cochrane-core-ontology-ModeOfDelivery\"> </a></td><td><a href=\"#cochrane-core-ontology-Concept\">Concept</a></td><td>false</td><td>false</td><td>false</td></tr><tr><td style=\"white-space:nowrap\">Procedure<a name=\"cochrane-core-ontology-Procedure\"> </a></td><td><a href=\"#cochrane-core-ontology-AppliedIntervention\">AppliedIntervention</a></td><td>false</td><td>false</td><td>false</td></tr><tr><td style=\"white-space:nowrap\">InterventionClassification<a name=\"cochrane-core-ontology-InterventionClassification\"> </a></td><td><a href=\"#cochrane-core-ontology-Concept\">Concept</a></td><td>false</td><td>false</td><td>false</td></tr><tr><td style=\"white-space:nowrap\">Setting<a name=\"cochrane-core-ontology-Setting\"> </a></td><td><a href=\"#cochrane-core-ontology-Concept\">Concept</a></td><td>false</td><td>false</td><td>false</td></tr><tr><td style=\"white-space:nowrap\">AggregationMethod<a name=\"cochrane-core-ontology-AggregationMethod\"> </a></td><td><a href=\"#cochrane-core-ontology-Concept\">Concept</a></td><td>false</td><td>false</td><td>false</td></tr><tr><td style=\"white-space:nowrap\">Sex<a name=\"cochrane-core-ontology-Sex\"> </a></td><td><a href=\"#cochrane-core-ontology-Concept\">Concept</a></td><td>false</td><td>false</td><td>false</td></tr><tr><td style=\"white-space:nowrap\">Treatment<a name=\"cochrane-core-ontology-Treatment\"> </a></td><td><a href=\"#cochrane-core-ontology-Concept\">Concept</a></td><td>false</td><td>false</td><td>false</td></tr><tr><td style=\"white-space:nowrap\">Device<a name=\"cochrane-core-ontology-Device\"> </a></td><td><a href=\"#cochrane-core-ontology-Material\">Material</a></td><td>false</td><td>false</td><td>false</td></tr></table></div>"},"url":"http://data.cochrane.org/ontologies/core/","version":"2.0.1","name":"CochraneCoreOntology","title":"Cochrane Core Ontology","status":"draft","experimental":false,"date":"2025-03-04T10:04:34+00:00","publisher":"Cochrane","description":"The Cochrane Core ontology describes the entities and concepts that exist in the domain of evidence based healthcare.","valueSet":"http://data.cochrane.org/ontologies/core/?vs","hierarchyMeaning":"is-a","compositional":false,"versionNeeded":false,"content":"complete","count":25,"filter":[{"code":"root","operator":["="],"value":"True or false."},{"code":"deprecated","operator":["="],"value":"True or false."},{"code":"imported","operator":["="],"value":"True or false"}],"property":[{"code":"parent","description":"Parent codes.","type":"code"},{"code":"imported","description":"Indicates if the concept is imported from another code system.","type":"boolean"},{"code":"root","description":"Indicates if this concept is a root concept (i.e. Thing is equivalent or a direct parent)","type":"boolean"},{"code":"deprecated","description":"Indicates if this concept is deprecated.","type":"boolean"}],"concept":[{"code":"Concept","display":"Concept","property":[{"code":"imported","valueBoolean":false},{"code":"parent","valueCode":"Thing"},{"code":"root","valueBoolean":false},{"code":"deprecated","valueBoolean":false}]},{"code":"Condition","display":"Condition","property":[{"code":"imported","valueBoolean":false},{"code":"parent","valueCode":"Concept"},{"code":"root","valueBoolean":false},{"code":"deprecated","valueBoolean":false}]},{"code":"DrugCategory","display":"DrugCategory","property":[{"code":"imported","valueBoolean":false},{"code":"parent","valueCode":"InterventionCategory"},{"code":"root","valueBoolean":false},{"code":"deprecated","valueBoolean":false}]},{"code":"InterventionProvider","display":"InterventionProvider","property":[{"code":"imported","valueBoolean":false},{"code":"parent","valueCode":"Concept"},{"code":"root","valueBoolean":false},{"code":"deprecated","valueBoolean":false}]},{"code":"ProcedureCategory","display":"ProcedureCategory","property":[{"code":"imported","valueBoolean":false},{"code":"parent","valueCode":"InterventionCategory"},{"code":"root","valueBoolean":false},{"code":"deprecated","valueBoolean":false}]},{"code":"SpecificMetric","display":"SpecificMetric","property":[{"code":"imported","valueBoolean":false},{"code":"parent","valueCode":"Concept"},{"code":"root","valueBoolean":false},{"code":"deprecated","valueBoolean":false}]},{"code":"Material","display":"Material","property":[{"code":"imported","valueBoolean":false},{"code":"parent","valueCode":"AppliedIntervention"},{"code":"root","valueBoolean":false},{"code":"deprecated","valueBoolean":false}]},{"code":"Thing","display":"Thing","property":[{"code":"imported","valueBoolean":false},{"code":"root","valueBoolean":true},{"code":"deprecated","valueBoolean":false}]},{"code":"InterventionRationale","display":"InterventionRationale","property":[{"code":"imported","valueBoolean":false},{"code":"parent","valueCode":"Concept"},{"code":"root","valueBoolean":false},{"code":"deprecated","valueBoolean":false}]},{"code":"Drug","display":"Drug","property":[{"code":"imported","valueBoolean":false},{"code":"parent","valueCode":"Material"},{"code":"root","valueBoolean":false},{"code":"deprecated","valueBoolean":false}]},{"code":"Age","display":"Age","property":[{"code":"imported","valueBoolean":false},{"code":"parent","valueCode":"Concept"},{"code":"root","valueBoolean":false},{"code":"deprecated","valueBoolean":false}]},{"code":"AppliedIntervention","display":"AppliedIntervention","property":[{"code":"imported","valueBoolean":false},{"code":"parent","valueCode":"Concept"},{"code":"root","valueBoolean":false},{"code":"deprecated","valueBoolean":false}]},{"code":"ConceptScheme","display":"ConceptScheme","property":[{"code":"imported","valueBoolean":false},{"code":"parent","valueCode":"Thing"},{"code":"root","valueBoolean":false},{"code":"deprecated","valueBoolean":false}]},{"code":"OutcomeClassification","display":"OutcomeClassification","property":[{"code":"imported","valueBoolean":false},{"code":"parent","valueCode":"Concept"},{"code":"root","valueBoolean":false},{"code":"deprecated","valueBoolean":false}]},{"code":"AssessmentScale","display":"AssessmentScale","property":[{"code":"imported","valueBoolean":false},{"code":"parent","valueCode":"Concept"},{"code":"root","valueBoolean":false},{"code":"deprecated","valueBoolean":false}]},{"code":"DeviceCategory","display":"DeviceCategory","property":[{"code":"imported","valueBoolean":false},{"code":"parent","valueCode":"InterventionCategory"},{"code":"root","valueBoolean":false},{"code":"deprecated","valueBoolean":false}]},{"code":"InterventionCategory","display":"InterventionCategory","property":[{"code":"imported","valueBoolean":false},{"code":"parent","valueCode":"AppliedIntervention"},{"code":"root","valueBoolean":false},{"code":"deprecated","valueBoolean":false}]},{"code":"ModeOfDelivery","display":"ModeOfDelivery","property":[{"code":"imported","valueBoolean":false},{"code":"parent","valueCode":"Concept"},{"code":"root","valueBoolean":false},{"code":"deprecated","valueBoolean":false}]},{"code":"Procedure","display":"Procedure","property":[{"code":"imported","valueBoolean":false},{"code":"parent","valueCode":"AppliedIntervention"},{"code":"root","valueBoolean":false},{"code":"deprecated","valueBoolean":false}]},{"code":"InterventionClassification","display":"InterventionClassification","property":[{"code":"imported","valueBoolean":false},{"code":"parent","valueCode":"Concept"},{"code":"root","valueBoolean":false},{"code":"deprecated","valueBoolean":false}]},{"code":"Setting","display":"Setting","property":[{"code":"imported","valueBoolean":false},{"code":"parent","valueCode":"Concept"},{"code":"root","valueBoolean":false},{"code":"deprecated","valueBoolean":false}]},{"code":"AggregationMethod","display":"AggregationMethod","property":[{"code":"imported","valueBoolean":false},{"code":"parent","valueCode":"Concept"},{"code":"root","valueBoolean":false},{"code":"deprecated","valueBoolean":false}]},{"code":"Sex","display":"Sex","property":[{"code":"imported","valueBoolean":false},{"code":"parent","valueCode":"Concept"},{"code":"root","valueBoolean":false},{"code":"deprecated","valueBoolean":false}]},{"code":"Treatment","display":"Treatment","property":[{"code":"imported","valueBoolean":false},{"code":"parent","valueCode":"Concept"},{"code":"root","valueBoolean":false},{"code":"deprecated","valueBoolean":false}]},{"code":"Device","display":"Device","property":[{"code":"imported","valueBoolean":false},{"code":"parent","valueCode":"Material"},{"code":"root","valueBoolean":false},{"code":"deprecated","valueBoolean":false}]}]}