{"resourceType":"EvidenceVariable","id":"ExampleEvidenceDataSet","meta":{"profile":["https://www.netzwerk-universitaetsmedizin.de/fhir/cpg-on-ebm-on-fhir/StructureDefinition/evidence-data-set"]},"url":"https://www.netzwerk-universitaetsmedizin.de/fhir/cpg-on-ebm-on-fhir/EvidenceVariable/ExampleEvidenceDataSet","name":"ExampleEvidenceDataSet","status":"active","date":"2025-03-04T10:04:34+00:00","characteristic":[{"definitionByCombination":{"code":"dataset","characteristic":[{"definitionReference":{"reference":"Evidence/ExampleStudyOutcomeEvidence"}}]}}]}