{"resourceType":"EvidenceVariable","id":"OutcomeAllCauseMortality","meta":{"profile":["https://www.netzwerk-universitaetsmedizin.de/fhir/cpg-on-ebm-on-fhir/StructureDefinition/outcome-definition"]},"url":"https://www.netzwerk-universitaetsmedizin.de/fhir/cpg-on-ebm-on-fhir/EvidenceVariable/OutcomeAllCauseMortality","name":"AllCauseMortality","status":"active","date":"2025-03-04T10:04:34+00:00","characteristic":[{"exclude":false,"definitionCodeableConcept":{"coding":[{"system":"http://snomed.info/sct","code":"409651001","display":"Mortality rate (observable entity)"}]}}],"handling":"dichotomous"}