{"resourceType":"EvidenceVariable","id":"ExampleRecommendationEligibilityCriteriaWithAttribute","meta":{"profile":["https://www.netzwerk-universitaetsmedizin.de/fhir/cpg-on-ebm-on-fhir/StructureDefinition/recommendation-eligibility-criteria"]},"url":"https://www.netzwerk-universitaetsmedizin.de/fhir/cpg-on-ebm-on-fhir/example/recommendation-eligibility-criteria-with-attribute","name":"PopulationExample","status":"active","date":"2025-03-04T10:04:34+00:00","characteristic":[{"definitionByTypeAndValue":{"extension":[{"extension":[{"url":"type","valueCodeableConcept":{"coding":[{"system":"http://loinc.org","code":"78927-1","display":"Procedure urgency"}]}},{"url":"value","valueCodeableConcept":{"coding":[{"system":"http://snomed.info/sct","code":"103390000","display":"Elective (qualifier value)"}]}}],"url":"https://www.netzwerk-universitaetsmedizin.de/fhir/cpg-on-ebm-on-fhir/StructureDefinition/ext-characteristic-attribute"}],"type":{"coding":[{"system":"http://snomed.info/sct","code":"404684003","display":"Clinical finding (finding)"}]},"valueCodeableConcept":{"coding":[{"system":"http://snomed.info/sct","code":"840539006","display":"Disease caused by Severe acute respiratory syndrome coronavirus 2 (disorder)"}]}}}]}