{"resourceType":"Evidence","id":"ExampleStudyOutcomeEvidence","meta":{"profile":["https://www.netzwerk-universitaetsmedizin.de/fhir/cpg-on-ebm-on-fhir/StructureDefinition/study-outcome-evidence"]},"url":"https://www.netzwerk-universitaetsmedizin.de/fhir/cpg-on-ebm-on-fhir/Evidence/ExampleStudyOutcomeEvidence","name":"ExampleStudyOutcomeEvidence","status":"active","date":"2025-03-04T10:04:34+00:00","relatedArtifact":[{"type":"citation","resourceReference":{"reference":"Citation/ExampleStudyCitation"}}],"variableDefinition":[{"variableRole":{"coding":[{"system":"http://terminology.hl7.org/CodeSystem/variable-role","code":"population"}]},"observed":{"reference":"Group/ExampleStudyCohort"},"intended":{"reference":"EvidenceVariable/ExampleStudyEligibilityCriteria"}},{"variableRole":{"coding":[{"system":"http://terminology.hl7.org/CodeSystem/variable-role","code":"measuredVariable"}]},"observed":{"reference":"EvidenceVariable/ExampleOutcome"}}],"synthesisType":{"coding":[{"system":"http://terminology.hl7.org/CodeSystem/synthesis-type","code":"NotApplicable"}]}}