{"resourceType":"ValueSet","id":"vs-rating-concern-degree","meta":{"profile":["http://hl7.org/fhir/uv/cpg/StructureDefinition/cpg-computablevalueset"]},"text":{"status":"extensions","div":"<div xmlns=\"http://www.w3.org/1999/xhtml\"><p class=\"res-header-id\"><b>Generated Narrative: ValueSet vs-rating-concern-degree</b></p><a name=\"vs-rating-concern-degree\"> </a><a name=\"hcvs-rating-concern-degree\"> </a><a name=\"vs-rating-concern-degree-en-US\"> </a><div style=\"display: inline-block; background-color: #d9e0e7; padding: 6px; margin: 4px; border: 1px solid #8da1b4; border-radius: 5px; line-height: 60%\"><p style=\"margin-bottom: 0px\"/><p style=\"margin-bottom: 0px\">Profile: <a href=\"http://hl7.org/fhir/uv/cpg/STU1/StructureDefinition-cpg-computablevalueset.html\">CPGComputableValueSet</a></p></div><ul><li>Include these codes as defined in <a href=\"CodeSystem-certainty-rating.html\"><code>http://hl7.org/fhir/certainty-rating</code></a><table class=\"none\"><tr><td style=\"white-space:nowrap\"><b>Code</b></td><td><b>Display</b></td><td><b>Definition</b></td></tr><tr><td><a href=\"CodeSystem-certainty-rating.html#certainty-rating-no-concern\">no-concern</a></td><td>no serious concern</td><td>no serious concern.</td></tr><tr><td><a href=\"CodeSystem-certainty-rating.html#certainty-rating-serious-concern\">serious-concern</a></td><td>serious concern</td><td>serious concern.</td></tr><tr><td><a href=\"CodeSystem-certainty-rating.html#certainty-rating-very-serious-concern\">very-serious-concern</a></td><td>very serious concern</td><td>very serious concern.</td></tr><tr><td><a href=\"CodeSystem-certainty-rating.html#certainty-rating-extremely-serious-concern\">extremely-serious-concern</a></td><td>extremely serious concern</td><td>extremely serious concern.</td></tr></table></li></ul></div>"},"extension":[{"url":"http://hl7.org/fhir/uv/cpg/StructureDefinition/cpg-knowledgeCapability","valueCode":"shareable"},{"url":"http://hl7.org/fhir/uv/cpg/StructureDefinition/cpg-knowledgeCapability","valueCode":"computable"},{"url":"http://hl7.org/fhir/uv/cpg/StructureDefinition/cpg-knowledgeCapability","valueCode":"publishable"},{"url":"http://hl7.org/fhir/uv/cpg/StructureDefinition/cpg-knowledgeRepresentationLevel","valueCode":"structured"}],"url":"https://www.netzwerk-universitaetsmedizin.de/fhir/cpg-on-ebm-on-fhir/ValueSet/vs-rating-concern-degree","version":"0.1.1","name":"RatingConcernDegree","title":"Rating Concern Degree","status":"draft","date":"2022-09-06","publisher":"Netzwerk Universitätsmedizin (NUM)","contact":[{"telecom":[{"system":"url","value":"https://www.netzwerk-universitaetsmedizin.de"}]}],"description":"Codes from EvidenceCertaintyRating related to degree of concern","compose":{"include":[{"system":"http://hl7.org/fhir/certainty-rating","concept":[{"code":"no-concern","display":"no serious concern"},{"code":"serious-concern","display":"serious concern"},{"code":"very-serious-concern","display":"very serious concern"},{"code":"extremely-serious-concern","display":"extremely serious concern"}]}]}}