{"resourceType":"ValueSet","id":"cochrane-pico","meta":{"profile":["http://hl7.org/fhir/uv/cpg/StructureDefinition/cpg-computablevalueset"]},"text":{"status":"generated","div":"<div xmlns=\"http://www.w3.org/1999/xhtml\"><p class=\"res-header-id\"><b>Generated Narrative: ValueSet cochrane-pico</b></p><a name=\"cochrane-pico\"> </a><a name=\"hccochrane-pico\"> </a><a name=\"cochrane-pico-en-US\"> </a><div style=\"display: inline-block; background-color: #d9e0e7; padding: 6px; margin: 4px; border: 1px solid #8da1b4; border-radius: 5px; line-height: 60%\"><p style=\"margin-bottom: 0px\"/><p style=\"margin-bottom: 0px\">Profile: <a href=\"http://hl7.org/fhir/uv/cpg/STU1/StructureDefinition-cpg-computablevalueset.html\">CPGComputableValueSet</a></p></div><ul><li>Include all codes defined in <a href=\"CodeSystem-cochrane-pico-ontology.html\"><code>http://data.cochrane.org/ontologies/pico/</code></a></li></ul></div>"},"extension":[{"url":"http://hl7.org/fhir/uv/cpg/StructureDefinition/cpg-knowledgeCapability","valueCode":"shareable"},{"url":"http://hl7.org/fhir/uv/cpg/StructureDefinition/cpg-knowledgeCapability","valueCode":"computable"},{"url":"http://hl7.org/fhir/uv/cpg/StructureDefinition/cpg-knowledgeCapability","valueCode":"publishable"},{"url":"http://hl7.org/fhir/uv/cpg/StructureDefinition/cpg-knowledgeRepresentationLevel","valueCode":"structured"}],"url":"https://www.netzwerk-universitaetsmedizin.de/fhir/cpg-on-ebm-on-fhir/ValueSet/cochrane-pico","version":"0.1.1","name":"CochranePICO","title":"Cochrane PICO","status":"draft","date":"2022-09-06","publisher":"Netzwerk Universitätsmedizin (NUM)","contact":[{"telecom":[{"system":"url","value":"https://www.netzwerk-universitaetsmedizin.de"}]}],"description":"All codes from the Cochrane PICO ontology.","compose":{"include":[{"system":"http://data.cochrane.org/ontologies/pico/"}]}}