{"resourceType":"ValueSet","id":"vs-rating-consensus","meta":{"profile":["http://hl7.org/fhir/uv/cpg/StructureDefinition/cpg-computablevalueset"]},"text":{"status":"extensions","div":"<div xmlns=\"http://www.w3.org/1999/xhtml\"><p class=\"res-header-id\"><b>Generated Narrative: ValueSet vs-rating-consensus</b></p><a name=\"vs-rating-consensus\"> </a><a name=\"hcvs-rating-consensus\"> </a><a name=\"vs-rating-consensus-en-US\"> </a><div style=\"display: inline-block; background-color: #d9e0e7; padding: 6px; margin: 4px; border: 1px solid #8da1b4; border-radius: 5px; line-height: 60%\"><p style=\"margin-bottom: 0px\"/><p style=\"margin-bottom: 0px\">Profile: <a href=\"http://hl7.org/fhir/uv/cpg/STU1/StructureDefinition-cpg-computablevalueset.html\">CPGComputableValueSet</a></p></div><ul><li>Include these codes as defined in <a href=\"http://terminology.hl7.org/6.2.0/CodeSystem-recommendation-strength.html\"><code>http://terminology.hl7.org/CodeSystem/recommendation-strength</code></a><table class=\"none\"><tr><td style=\"white-space:nowrap\"><b>Code</b></td><td><b>Display</b></td><td><b>Definition</b></td></tr><tr><td><a href=\"http://terminology.hl7.org/6.2.0/CodeSystem-recommendation-strength.html#recommendation-strength-strong\">strong</a></td><td>Strong</td><td>Strong recommendation.</td></tr><tr><td><a href=\"http://terminology.hl7.org/6.2.0/CodeSystem-recommendation-strength.html#recommendation-strength-weak\">weak</a></td><td>Weak</td><td>Weak recommendation.</td></tr></table></li></ul></div>"},"extension":[{"url":"http://hl7.org/fhir/uv/cpg/StructureDefinition/cpg-knowledgeCapability","valueCode":"shareable"},{"url":"http://hl7.org/fhir/uv/cpg/StructureDefinition/cpg-knowledgeCapability","valueCode":"computable"},{"url":"http://hl7.org/fhir/uv/cpg/StructureDefinition/cpg-knowledgeCapability","valueCode":"publishable"},{"url":"http://hl7.org/fhir/uv/cpg/StructureDefinition/cpg-knowledgeRepresentationLevel","valueCode":"structured"}],"url":"https://www.netzwerk-universitaetsmedizin.de/fhir/cpg-on-ebm-on-fhir/ValueSet/vs-rating-consensus","version":"0.1.1","name":"RatingConsensus","title":"Rating Consensus","status":"draft","date":"2022-09-06","publisher":"Netzwerk Universitätsmedizin (NUM)","contact":[{"telecom":[{"system":"url","value":"https://www.netzwerk-universitaetsmedizin.de"}]}],"description":"Degree of consensus reached","compose":{"include":[{"system":"http://terminology.hl7.org/CodeSystem/recommendation-strength","concept":[{"code":"strong","display":"Strong"},{"code":"weak","display":"Weak"}]}]}}