{"resourceType":"ValueSet","id":"vs-drugs","text":{"status":"generated","div":"<div xmlns=\"http://www.w3.org/1999/xhtml\"><p class=\"res-header-id\"><b>Generated Narrative: ValueSet vs-drugs</b></p><a name=\"vs-drugs\"> </a><a name=\"hcvs-drugs\"> </a><a name=\"vs-drugs-en-US\"> </a><p>This value set includes codes based on the following rules:</p><ul><li>Include codes from<a href=\"http://www.snomed.org/\"><code>http://snomed.info/sct</code></a> where concept  is-a 105590001 (Substance)</li><li>Include codes from<a href=\"http://www.snomed.org/\"><code>http://snomed.info/sct</code></a> where concept  is-a 763158003 (Medicinal product (product))</li><li>Include all codes defined in <a href=\"http://www.whocc.no/atc\"><code>http://www.whocc.no/atc</code></a></li><li>Include all codes defined in <code>http://fhir.de/CodeSystem/bfarm/atc</code></li></ul></div>"},"url":"https://www.netzwerk-universitaetsmedizin.de/fhir/cpg-on-ebm-on-fhir/ValueSet/vs-drugs","name":"Drugs","title":"Drugs","status":"draft","date":"2025-03-04T10:04:34+00:00","description":"Drugs","compose":{"include":[{"system":"http://snomed.info/sct","filter":[{"property":"concept","op":"is-a","value":"105590001"}]},{"system":"http://snomed.info/sct","filter":[{"property":"concept","op":"is-a","value":"763158003"}]},{"system":"http://www.whocc.no/atc"},{"system":"http://fhir.de/CodeSystem/bfarm/atc"}]}}