{"resourceType":"ValueSet","id":"vs-rating-clinical-importance","meta":{"profile":["http://hl7.org/fhir/uv/cpg/StructureDefinition/cpg-computablevalueset"]},"text":{"status":"generated","div":"<div xmlns=\"http://www.w3.org/1999/xhtml\"><p class=\"res-header-id\"><b>Generated Narrative: ValueSet vs-rating-clinical-importance</b></p><a name=\"vs-rating-clinical-importance\"> </a><a name=\"hcvs-rating-clinical-importance\"> </a><a name=\"vs-rating-clinical-importance-en-US\"> </a><div style=\"display: inline-block; background-color: #d9e0e7; padding: 6px; margin: 4px; border: 1px solid #8da1b4; border-radius: 5px; line-height: 60%\"><p style=\"margin-bottom: 0px\"/><p style=\"margin-bottom: 0px\">Profile: <a href=\"http://hl7.org/fhir/uv/cpg/STU1/StructureDefinition-cpg-computablevalueset.html\">CPGComputableValueSet</a></p></div><ul><li>Include all codes defined in <a href=\"CodeSystem-cs-clinical-importance.html\"><code>https://www.netzwerk-universitaetsmedizin.de/fhir/cpg-on-ebm-on-fhir/CodeSystem/cs-clinical-importance</code></a></li></ul></div>"},"extension":[{"url":"http://hl7.org/fhir/uv/cpg/StructureDefinition/cpg-knowledgeCapability","valueCode":"shareable"},{"url":"http://hl7.org/fhir/uv/cpg/StructureDefinition/cpg-knowledgeCapability","valueCode":"computable"},{"url":"http://hl7.org/fhir/uv/cpg/StructureDefinition/cpg-knowledgeCapability","valueCode":"publishable"},{"url":"http://hl7.org/fhir/uv/cpg/StructureDefinition/cpg-knowledgeRepresentationLevel","valueCode":"structured"}],"url":"https://www.netzwerk-universitaetsmedizin.de/fhir/cpg-on-ebm-on-fhir/ValueSet/vs-rating-clinical-importance","version":"0.1.1","name":"RatingClinicalImportance","title":"Clinical Importance of Outcome","status":"draft","date":"2022-09-06","publisher":"Netzwerk Universitätsmedizin (NUM)","contact":[{"telecom":[{"system":"url","value":"https://www.netzwerk-universitaetsmedizin.de"}]}],"description":"Clinical Importance of Outcome","compose":{"include":[{"system":"https://www.netzwerk-universitaetsmedizin.de/fhir/cpg-on-ebm-on-fhir/CodeSystem/cs-clinical-importance"}]}}