{
  "resourceType" : "Citation",
  "id" : "ExampleRecommendationCitation",
  "meta" : {
    "profile" : ["https://www.netzwerk-universitaetsmedizin.de/fhir/cpg-on-ebm-on-fhir/StructureDefinition/recommendation-citation"]
  },
  "text" : {
    "status" : "generated",
    "div" : "<div xmlns=\"http://www.w3.org/1999/xhtml\"><p class=\"res-header-id\"><b>Generated Narrative: Citation ExampleRecommendationCitation</b></p><a name=\"ExampleRecommendationCitation\"> </a><a name=\"hcExampleRecommendationCitation\"> </a><a name=\"ExampleRecommendationCitation-en-US\"> </a><div style=\"display: inline-block; background-color: #d9e0e7; padding: 6px; margin: 4px; border: 1px solid #8da1b4; border-radius: 5px; line-height: 60%\"><p style=\"margin-bottom: 0px\"/><p style=\"margin-bottom: 0px\">Profile: <a href=\"StructureDefinition-recommendation-citation.html\">Recommendation Citation</a></p></div><p><b>url</b>: <a href=\"Citation-ExampleRecommendationCitation.html\">Citation ExampleRecommendationCitation</a></p><p><b>name</b>: ExampleRecommendationCitation</p><p><b>status</b>: Active</p><p><b>date</b>: 2025-03-04 10:04:34+0000</p><blockquote><p><b>citedArtifact</b></p><p><b>identifier</b>: ceoysy/exampleIdentifier</p><h3>Versions</h3><table class=\"grid\"><tr><td style=\"display: none\">-</td><td><b>Value</b></td></tr><tr><td style=\"display: none\">*</td><td>1.0-alpha1</td></tr></table><p><b>currentState</b>: <span title=\"Codes:{http://hl7.org/fhir/cited-artifact-status-type archived}\">Archived</span></p><h3>Titles</h3><table class=\"grid\"><tr><td style=\"display: none\">-</td><td><b>Text</b></td></tr><tr><td style=\"display: none\">*</td><td><div><p>Example Citation</p>\n</div></td></tr></table><h3>Classifications</h3><table class=\"grid\"><tr><td style=\"display: none\">-</td><td><b>Type</b></td><td><b>Classifier</b></td></tr><tr><td style=\"display: none\">*</td><td><span title=\"Codes:{http://hl7.org/fhir/cited-artifact-classification-type publication-type}\">Publication Type</span></td><td><span title=\"Codes:{https://www.netzwerk-universitaetsmedizin.de/fhir/cpg-on-ebm-on-fhir/CodeSystem/ceosys-code-system guideline-recommendation}\">Clinical practice guideline recommendation</span></td></tr></table></blockquote></div>"
  },
  "url" : "https://www.netzwerk-universitaetsmedizin.de/fhir/cpg-on-ebm-on-fhir/Citation/ExampleRecommendationCitation",
  "name" : "ExampleRecommendationCitation",
  "status" : "active",
  "date" : "2025-03-04T10:04:34+00:00",
  "citedArtifact" : {
    "identifier" : [{
      "value" : "ceoysy/exampleIdentifier"
    }],
    "version" : {
      "value" : "1.0-alpha1"
    },
    "currentState" : [{
      "coding" : [{
        "system" : "http://hl7.org/fhir/cited-artifact-status-type",
        "code" : "archived",
        "display" : "Archived"
      }]
    }],
    "title" : [{
      "text" : "Example Citation"
    }],
    "classification" : [{
      "type" : {
        "coding" : [{
          "system" : "http://hl7.org/fhir/cited-artifact-classification-type",
          "code" : "publication-type",
          "display" : "Publication Type"
        }]
      },
      "classifier" : [{
        "coding" : [{
          "system" : "https://www.netzwerk-universitaetsmedizin.de/fhir/cpg-on-ebm-on-fhir/CodeSystem/ceosys-code-system",
          "code" : "guideline-recommendation",
          "display" : "Clinical practice guideline recommendation"
        }]
      }]
    }]
  }
}