{
  "resourceType" : "EvidenceVariable",
  "id" : "PopulationCOVID19Ventilated",
  "meta" : {
    "profile" : ["https://www.netzwerk-universitaetsmedizin.de/fhir/cpg-on-ebm-on-fhir/StructureDefinition/recommendation-eligibility-criteria"]
  },
  "text" : {
    "status" : "generated",
    "div" : "<div xmlns=\"http://www.w3.org/1999/xhtml\"><p class=\"res-header-id\"><b>Generated Narrative: EvidenceVariable PopulationCOVID19Ventilated</b></p><a name=\"PopulationCOVID19Ventilated\"> </a><a name=\"hcPopulationCOVID19Ventilated\"> </a><a name=\"PopulationCOVID19Ventilated-en-US\"> </a><div style=\"display: inline-block; background-color: #d9e0e7; padding: 6px; margin: 4px; border: 1px solid #8da1b4; border-radius: 5px; line-height: 60%\"><p style=\"margin-bottom: 0px\"/><p style=\"margin-bottom: 0px\">Profile: <a href=\"StructureDefinition-recommendation-eligibility-criteria.html\">Recommendation Eligibility Criteria</a></p></div><p><b>url</b>: <a href=\"EvidenceVariable-PopulationCOVID19Ventilated.html\">EvidenceVariable Population_COVID19_Ventilated</a></p><p><b>identifier</b>: <code>https://www.ceosys.de</code>/Ventilated</p><p><b>name</b>: Population_COVID19_Ventilated</p><p><b>status</b>: Active</p><p><b>date</b>: 2025-03-04 10:04:34+0000</p><p><b>description</b>: </p><div><p>Population for guideline from https://app.magicapp.org/#/guidelines / 5691 with characteristics: COVID-19, Ventilated</p>\n</div><blockquote><p><b>characteristic</b></p><p><b>linkId</b>: covid19</p><h3>DefinitionByTypeAndValues</h3><table class=\"grid\"><tr><td style=\"display: none\">-</td><td><b>Type</b></td><td><b>Value[x]</b></td></tr><tr><td style=\"display: none\">*</td><td><span title=\"Codes:{http://snomed.info/sct 404684003}\">Clinical finding (finding)</span></td><td><span title=\"Codes:{http://snomed.info/sct 840539006}\">Disease caused by Severe acute respiratory syndrome coronavirus 2 (disorder)</span></td></tr></table></blockquote><blockquote><p><b>characteristic</b></p><p><b>exclude</b>: false</p><blockquote><p><b>definitionByCombination</b></p><p><b>code</b>: Any of</p><blockquote><p><b>characteristic</b></p><p><b>linkId</b>: oxy-administration-nasal-cannula</p><p><b>exclude</b>: false</p><h3>DefinitionByTypeAndValues</h3><table class=\"grid\"><tr><td style=\"display: none\">-</td><td><b>Type</b></td><td><b>Value[x]</b></td></tr><tr><td style=\"display: none\">*</td><td><span title=\"Codes:{http://snomed.info/sct 71388002}\">Procedure (procedure)</span></td><td><span title=\"Codes:{http://snomed.info/sct 371907003}\">Oxygen administration by nasal cannula (procedure)</span></td></tr></table><h3>TimeFromEvents</h3><table class=\"grid\"><tr><td style=\"display: none\">-</td><td><b>Event[x]</b></td><td><b>Quantity</b></td></tr><tr><td style=\"display: none\">*</td><td>covid19</td><td>0 d<span style=\"background: LightGoldenRodYellow\"> (Details: UCUM  coded = 'd')</span></td></tr></table></blockquote><blockquote><p><b>characteristic</b></p><p><b>linkId</b>: noninvasive-ventilation</p><p><b>exclude</b>: false</p><h3>DefinitionByTypeAndValues</h3><table class=\"grid\"><tr><td style=\"display: none\">-</td><td><b>Type</b></td><td><b>Value[x]</b></td></tr><tr><td style=\"display: none\">*</td><td><span title=\"Codes:{http://snomed.info/sct 71388002}\">Procedure (procedure)</span></td><td><span title=\"Codes:{http://snomed.info/sct 428311008}\">Non-invasive ventilation (regime/therapy)</span></td></tr></table><h3>TimeFromEvents</h3><table class=\"grid\"><tr><td style=\"display: none\">-</td><td><b>Event[x]</b></td><td><b>Quantity</b></td></tr><tr><td style=\"display: none\">*</td><td>covid19</td><td>0 d<span style=\"background: LightGoldenRodYellow\"> (Details: UCUM  coded = 'd')</span></td></tr></table></blockquote><blockquote><p><b>characteristic</b></p><p><b>linkId</b>: artificial-respiration</p><p><b>exclude</b>: false</p><h3>DefinitionByTypeAndValues</h3><table class=\"grid\"><tr><td style=\"display: none\">-</td><td><b>Type</b></td><td><b>Value[x]</b></td></tr><tr><td style=\"display: none\">*</td><td><span title=\"Codes:{http://snomed.info/sct 71388002}\">Procedure (procedure)</span></td><td><span title=\"Codes:{http://snomed.info/sct 40617009}\">Artificial ventilation (regime/therapy)</span></td></tr></table><h3>TimeFromEvents</h3><table class=\"grid\"><tr><td style=\"display: none\">-</td><td><b>Event[x]</b></td><td><b>Quantity</b></td></tr><tr><td style=\"display: none\">*</td><td>covid19</td><td>0 d<span style=\"background: LightGoldenRodYellow\"> (Details: UCUM  coded = 'd')</span></td></tr></table></blockquote></blockquote></blockquote></div>"
  },
  "url" : "https://www.netzwerk-universitaetsmedizin.de/fhir/cpg-on-ebm-on-fhir/example/population/Population_COVID19_Ventilated",
  "identifier" : [{
    "system" : "https://www.ceosys.de",
    "value" : "Ventilated"
  }],
  "name" : "Population_COVID19_Ventilated",
  "status" : "active",
  "date" : "2025-03-04T10:04:34+00:00",
  "description" : "Population for guideline from https://app.magicapp.org/#/guidelines / 5691 with characteristics: COVID-19, Ventilated",
  "characteristic" : [{
    "linkId" : "covid19",
    "definitionByTypeAndValue" : {
      "type" : {
        "coding" : [{
          "system" : "http://snomed.info/sct",
          "code" : "404684003",
          "display" : "Clinical finding (finding)"
        }]
      },
      "valueCodeableConcept" : {
        "coding" : [{
          "system" : "http://snomed.info/sct",
          "code" : "840539006",
          "display" : "Disease caused by Severe acute respiratory syndrome coronavirus 2 (disorder)"
        }]
      }
    }
  },
  {
    "exclude" : false,
    "definitionByCombination" : {
      "code" : "any-of",
      "characteristic" : [{
        "linkId" : "oxy-administration-nasal-cannula",
        "exclude" : false,
        "definitionByTypeAndValue" : {
          "type" : {
            "coding" : [{
              "system" : "http://snomed.info/sct",
              "code" : "71388002",
              "display" : "Procedure (procedure)"
            }]
          },
          "valueCodeableConcept" : {
            "coding" : [{
              "system" : "http://snomed.info/sct",
              "code" : "371907003",
              "display" : "Oxygen administration by nasal cannula (procedure)"
            }]
          }
        },
        "timeFromEvent" : [{
          "eventId" : "covid19",
          "quantity" : {
            "value" : 0,
            "system" : "http://unitsofmeasure.org",
            "code" : "d"
          }
        }]
      },
      {
        "linkId" : "noninvasive-ventilation",
        "exclude" : false,
        "definitionByTypeAndValue" : {
          "type" : {
            "coding" : [{
              "system" : "http://snomed.info/sct",
              "code" : "71388002",
              "display" : "Procedure (procedure)"
            }]
          },
          "valueCodeableConcept" : {
            "coding" : [{
              "system" : "http://snomed.info/sct",
              "code" : "428311008",
              "display" : "Non-invasive ventilation (regime/therapy)"
            }]
          }
        },
        "timeFromEvent" : [{
          "eventId" : "covid19",
          "quantity" : {
            "value" : 0,
            "system" : "http://unitsofmeasure.org",
            "code" : "d"
          }
        }]
      },
      {
        "linkId" : "artificial-respiration",
        "exclude" : false,
        "definitionByTypeAndValue" : {
          "type" : {
            "coding" : [{
              "system" : "http://snomed.info/sct",
              "code" : "71388002",
              "display" : "Procedure (procedure)"
            }]
          },
          "valueCodeableConcept" : {
            "coding" : [{
              "system" : "http://snomed.info/sct",
              "code" : "40617009",
              "display" : "Artificial ventilation (regime/therapy)"
            }]
          }
        },
        "timeFromEvent" : [{
          "eventId" : "covid19",
          "quantity" : {
            "value" : 0,
            "system" : "http://unitsofmeasure.org",
            "code" : "d"
          }
        }]
      }]
    }
  }]
}